geo_code,region,ig_label,country,year,num_deaths,population,GNI_per_capita_wb_Atlas_USD_EUR,people_affected,total_death_attributed_sex_standarized
AL,Southern Europe,LM,Albania,2002.0,4882.0,6114036.0,1555.0,4882.0,15.0
AL,Southern Europe,LM,Albania,2003.0,4747.0,6089986.0,1574.0,4747.0,15.0
AL,Southern Europe,LM,Albania,2004.0,4512.0,6068462.0,1663.0,4512.0,14.0
AL,Southern Europe,LM,Albania,2005.0,4222.0,6039268.0,1924.0,4222.0,14.0
AL,Southern Europe,LM,Albania,2006.0,3835.0,6006658.0,2586.0,3835.0,14.0
AL,Southern Europe,LM,Albania,2007.0,3505.0,5963510.0,2628.0,3505.0,13.0
AL,Southern Europe,LM,Albania,2008.0,3435.0,5916532.0,2745.0,3435.0,13.0
AL,Southern Europe,UM,Albania,2009.0,3320.0,5872710.0,3076.0,3320.0,12.0
AL,Southern Europe,UM,Albania,2010.0,3299.0,5837348.0,3027.0,3299.0,12.0
AL,Southern Europe,LM,Albania,2011.0,3406.0,5814722.0,3301.0,3406.0,12.0
AL,Southern Europe,UM,Albania,2012.0,3425.0,5806016.0,3370.0,3425.0,11.0
AL,Southern Europe,UM,Albania,2013.0,3514.0,5795540.0,3441.0,3514.0,11.0
AL,Southern Europe,UM,Albania,2014.0,3665.0,5784788.0,3293.0,3665.0,11.0
AL,Southern Europe,UM,Albania,2015.0,3778.0,5771592.0,3616.0,3778.0,11.0
AL,Southern Europe,UM,Albania,2016.0,3843.0,5751184.0,3969.0,3843.0,11.0
AL,Southern Europe,UM,Albania,2017.0,3928.0,5753182.0,4070.0,3928.0,10.0
AL,Southern Europe,UM,Albania,2018.0,3905.0,5740648.0,4053.0,3905.0,10.0
AL,Southern Europe,UM,Albania,2019.0,4059.0,5724854.0,4568.0,4059.0,10.0
AT,Western Europe,H,Austria,1990.0,11680.0,15289636.0,19171.0,11680.0,7.0
AT,Western Europe,H,Austria,1991.0,11656.0,15421764.0,20177.0,11656.0,7.0
AT,Western Europe,H,Austria,1992.0,11201.0,15597798.0,22583.0,11201.0,7.0
AT,Western Europe,H,Austria,1993.0,10907.0,15765038.0,22802.0,10907.0,7.0
AT,Western Europe,H,Austria,1994.0,10275.0,15857492.0,23859.0,10275.0,7.0
AT,Western Europe,H,Austria,1995.0,10408.0,15886978.0,25613.0,10408.0,7.0
AT,Western Europe,H,Austria,1996.0,10515.0,15906134.0,27215.0,10515.0,6.0
AT,Western Europe,H,Austria,1997.0,10218.0,15929932.0,26613.0,10218.0,6.0
AT,Western Europe,H,Austria,1998.0,10004.0,15942232.0,25066.0,10004.0,6.0
AT,Western Europe,H,Austria,1999.0,9923.0,15964922.0,24156.0,9923.0,6.0
AT,Western Europe,H,Austria,2000.0,9710.0,16004372.0,26688.0,9710.0,6.0
AT,Western Europe,H,Austria,2001.0,9712.0,16041892.0,27212.0,9712.0,6.0
AT,Western Europe,H,Austria,2002.0,9662.0,16127280.0,28402.0,9662.0,6.0
AT,Western Europe,H,Austria,2003.0,9906.0,16200546.0,26796.0,9906.0,6.0
AT,Western Europe,H,Austria,2004.0,10117.0,16285146.0,26802.0,10117.0,5.0
AT,Western Europe,H,Austria,2005.0,10187.0,16402718.0,28464.0,10187.0,5.0
AT,Western Europe,H,Austria,2006.0,10024.0,16508596.0,35179.0,10024.0,5.0
AT,Western Europe,H,Austria,2007.0,10042.0,16565968.0,33820.0,10042.0,5.0
AT,Western Europe,H,Austria,2008.0,10111.0,16615978.0,33429.0,10111.0,5.0
AT,Western Europe,H,Austria,2009.0,10200.0,16670006.0,35317.0,10200.0,5.0
AT,Western Europe,H,Austria,2010.0,10430.0,16703286.0,34535.0,10430.0,5.0
AT,Western Europe,H,Austria,2011.0,10111.0,16750328.0,37944.0,10111.0,5.0
AT,Western Europe,H,Austria,2012.0,10078.0,16816242.0,38721.0,10078.0,5.0
AT,Western Europe,H,Austria,2013.0,10179.0,16903720.0,38442.0,10179.0,4.0
AT,Western Europe,H,Austria,2014.0,9770.0,17015572.0,36539.0,9770.0,4.0
AT,Western Europe,H,Austria,2015.0,9894.0,17169852.0,39108.0,9894.0,4.0
AT,Western Europe,H,Austria,2016.0,9660.0,17400942.0,42473.0,9660.0,4.0
AT,Western Europe,H,Austria,2017.0,9462.0,17545730.0,42729.0,9462.0,4.0
AT,Western Europe,H,Austria,2018.0,9098.0,17644534.0,40841.0,9098.0,4.0
AT,Western Europe,H,Austria,2019.0,9397.0,17717550.0,44559.0,9397.0,4.0
BE,Western Europe,H,Belgium,1990.0,27209.0,19895564.0,17945.0,27209.0,7.0
BE,Western Europe,H,Belgium,1991.0,27704.0,19973950.0,19040.0,27704.0,7.0
BE,Western Europe,H,Belgium,1992.0,27583.0,20043994.0,21340.0,27583.0,7.0
BE,Western Europe,H,Belgium,1993.0,28183.0,20136638.0,21464.0,28183.0,7.0
BE,Western Europe,H,Belgium,1994.0,27450.0,20201262.0,22900.0,27450.0,7.0
BE,Western Europe,H,Belgium,1995.0,28091.0,20261148.0,24595.0,28091.0,7.0
BE,Western Europe,H,Belgium,1996.0,30057.0,20286094.0,25822.0,30057.0,6.0
BE,Western Europe,H,Belgium,1997.0,29388.0,20340452.0,25614.0,29388.0,6.0
BE,Western Europe,H,Belgium,1998.0,30289.0,20384528.0,23775.0,30289.0,6.0
BE,Western Europe,H,Belgium,1999.0,30302.0,20427504.0,23175.0,30302.0,6.0
BE,Western Europe,H,Belgium,2000.0,30904.0,20478170.0,25772.0,30904.0,6.0
BE,Western Europe,H,Belgium,2001.0,30656.0,20526828.0,26287.0,30656.0,6.0
BE,Western Europe,H,Belgium,2002.0,30556.0,20619450.0,27301.0,30556.0,6.0
BE,Western Europe,H,Belgium,2003.0,30157.0,20711688.0,25842.0,30157.0,5.0
BE,Western Europe,H,Belgium,2004.0,29844.0,20792842.0,26058.0,29844.0,5.0
BE,Western Europe,H,Belgium,2005.0,29364.0,20891704.0,27737.0,29364.0,5.0
BE,Western Europe,H,Belgium,2006.0,28533.0,21022764.0,33857.0,28533.0,5.0
BE,Western Europe,H,Belgium,2007.0,29112.0,21169068.0,32453.0,29112.0,5.0
BE,Western Europe,H,Belgium,2008.0,30218.0,21333732.0,31636.0,30218.0,5.0
BE,Western Europe,H,Belgium,2009.0,30613.0,21506160.0,33758.0,30613.0,5.0
BE,Western Europe,H,Belgium,2010.0,31935.0,21679810.0,32681.0,31935.0,5.0
BE,Western Europe,H,Belgium,2011.0,30411.0,22001276.0,34793.0,30411.0,5.0
BE,Western Europe,H,Belgium,2012.0,31261.0,22151778.0,36425.0,31261.0,5.0
BE,Western Europe,H,Belgium,2013.0,30939.0,22275948.0,36305.0,30939.0,4.0
BE,Western Europe,H,Belgium,2014.0,28172.0,22361680.0,34675.0,28172.0,4.0
BE,Western Europe,H,Belgium,2015.0,29104.0,22474548.0,37534.0,29104.0,4.0
BE,Western Europe,H,Belgium,2016.0,29012.0,22622234.0,39865.0,29012.0,4.0
BE,Western Europe,H,Belgium,2017.0,28690.0,22703454.0,40338.0,28690.0,4.0
BE,Western Europe,H,Belgium,2018.0,28300.0,22797178.0,38406.0,28300.0,4.0
BE,Western Europe,H,Belgium,2019.0,29013.0,22911038.0,42018.0,29013.0,4.0
BG,Eastern Europe,LM,Bulgaria,1990.0,28011.0,17534616.0,2091.0,28011.0,14.0
BG,Eastern Europe,LM,Bulgaria,1991.0,27393.0,17338538.0,1499.0,27393.0,14.0
BG,Eastern Europe,LM,Bulgaria,1992.0,26178.0,17190930.0,1318.0,26178.0,14.0
BG,Eastern Europe,LM,Bulgaria,1993.0,25481.0,16969726.0,1147.0,25481.0,14.0
BG,Eastern Europe,LM,Bulgaria,1994.0,24773.0,16919526.0,1132.0,24773.0,14.0
BG,Eastern Europe,LM,Bulgaria,1995.0,25444.0,16854836.0,1382.0,25444.0,14.0
BG,Eastern Europe,LM,Bulgaria,1996.0,25760.0,16769430.0,1439.0,25760.0,14.0
BG,Eastern Europe,LM,Bulgaria,1997.0,26417.0,16681872.0,1315.0,26417.0,13.0
BG,Eastern Europe,LM,Bulgaria,1998.0,24208.0,16566400.0,1291.0,24208.0,13.0
BG,Eastern Europe,LM,Bulgaria,1999.0,22808.0,16460742.0,1321.0,22808.0,13.0
BG,Eastern Europe,LM,Bulgaria,2000.0,22948.0,16381752.0,1653.0,22948.0,13.0
BG,Eastern Europe,LM,Bulgaria,2001.0,22684.0,16298936.0,1903.0,22684.0,13.0
BG,Eastern Europe,LM,Bulgaria,2002.0,23071.0,15737630.0,2236.0,23071.0,12.0
BG,Eastern Europe,LM,Bulgaria,2003.0,24109.0,15611012.0,2260.0,24109.0,12.0
BG,Eastern Europe,LM,Bulgaria,2004.0,24663.0,15490294.0,2423.0,24663.0,12.0
BG,Eastern Europe,LM,Bulgaria,2005.0,26911.0,15377146.0,2790.0,26911.0,12.0
BG,Eastern Europe,UM,Bulgaria,2006.0,27510.0,15258742.0,3645.0,27510.0,11.0
BG,Eastern Europe,UM,Bulgaria,2007.0,27526.0,15145346.0,3653.0,27526.0,11.0
BG,Eastern Europe,UM,Bulgaria,2008.0,27476.0,15036004.0,4124.0,27476.0,11.0
BG,Eastern Europe,UM,Bulgaria,2009.0,27509.0,14934238.0,4800.0,27509.0,11.0
BG,Eastern Europe,UM,Bulgaria,2010.0,27542.0,14843532.0,4867.0,27542.0,11.0
BG,Eastern Europe,UM,Bulgaria,2011.0,28696.0,14738862.0,5441.0,28696.0,10.0
BG,Eastern Europe,UM,Bulgaria,2012.0,26594.0,14654448.0,5797.0,26594.0,10.0
BG,Eastern Europe,UM,Bulgaria,2013.0,26247.0,14569104.0,5761.0,26247.0,10.0
BG,Eastern Europe,UM,Bulgaria,2014.0,27132.0,14491354.0,5591.0,27132.0,10.0
BG,Eastern Europe,UM,Bulgaria,2015.0,26706.0,14404396.0,6120.0,26706.0,9.0
BG,Eastern Europe,UM,Bulgaria,2016.0,26185.0,14307568.0,6807.0,26185.0,9.0
BG,Eastern Europe,UM,Bulgaria,2017.0,26395.0,14203718.0,7229.0,26395.0,9.0
BG,Eastern Europe,UM,Bulgaria,2018.0,25569.0,14100068.0,7121.0,25569.0,9.0
BG,Eastern Europe,UM,Bulgaria,2019.0,25913.0,14000078.0,8306.0,25913.0,9.0
BY,Eastern Europe,LM,Belarus,2006.0,10441.0,19501080.0,2976.0,10441.0,10.0
BY,Eastern Europe,UM,Belarus,2007.0,9796.0,19428922.0,3273.0,9796.0,10.0
BY,Eastern Europe,UM,Belarus,2008.0,9949.0,19379540.0,3716.0,9949.0,10.0
BY,Eastern Europe,UM,Belarus,2009.0,10159.0,19343824.0,4067.0,10159.0,10.0
BY,Eastern Europe,UM,Belarus,2011.0,10208.0,18962386.0,4745.0,10208.0,10.0
BY,Eastern Europe,UM,Belarus,2012.0,8898.0,18930300.0,5125.0,8898.0,9.0
BY,Eastern Europe,UM,Belarus,2013.0,8352.0,18927680.0,5329.0,8352.0,9.0
BY,Eastern Europe,UM,Belarus,2014.0,7969.0,18936308.0,5526.0,7969.0,9.0
BY,Eastern Europe,UM,Belarus,2015.0,7722.0,18961736.0,5560.0,7722.0,8.0
BY,Eastern Europe,UM,Belarus,2016.0,7504.0,18996728.0,5181.0,7504.0,8.0
BY,Eastern Europe,UM,Belarus,2017.0,7426.0,19009408.0,5047.0,7426.0,7.0
BY,Eastern Europe,UM,Belarus,2018.0,7264.0,18983646.0,4778.0,7264.0,7.0
BY,Eastern Europe,UM,Belarus,2019.0,7368.0,18950348.0,5564.0,7368.0,7.0
CH,Western Europe,H,Switzerland,1995.0,13286.0,14038038.0,42431.0,13286.0,6.0
CH,Western Europe,H,Switzerland,1996.0,12967.0,14124708.0,44923.0,12967.0,6.0
CH,Western Europe,H,Switzerland,1997.0,12510.0,14162692.0,44376.0,12510.0,5.0
CH,Western Europe,H,Switzerland,1998.0,12421.0,14192930.0,41340.0,12421.0,5.0
CH,Western Europe,H,Switzerland,1999.0,12112.0,14247074.0,39418.0,12112.0,5.0
CH,Western Europe,H,Switzerland,2000.0,11796.0,14328888.0,44376.0,11796.0,5.0
CH,Western Europe,H,Switzerland,2001.0,11327.0,14408110.0,45148.0,11327.0,5.0
CH,Western Europe,H,Switzerland,2002.0,11142.0,14511306.0,46114.0,11142.0,5.0
CH,Western Europe,H,Switzerland,2003.0,10765.0,14627706.0,44494.0,10765.0,4.0
CH,Western Europe,H,Switzerland,2004.0,10760.0,14728296.0,43548.0,10760.0,4.0
CH,Western Europe,H,Switzerland,2005.0,10521.0,14830204.0,46091.0,10521.0,4.0
CH,Western Europe,H,Switzerland,2006.0,10163.0,14918256.0,55345.0,10163.0,4.0
CH,Western Europe,H,Switzerland,2007.0,10223.0,15017478.0,48687.0,10223.0,4.0
CH,Western Europe,H,Switzerland,2008.0,10330.0,15186988.0,44067.0,10330.0,4.0
CH,Western Europe,H,Switzerland,2009.0,10257.0,15403712.0,51592.0,10257.0,4.0
CH,Western Europe,H,Switzerland,2010.0,10446.0,15571612.0,54867.0,10446.0,4.0
CH,Western Europe,H,Switzerland,2011.0,10075.0,15740268.0,60867.0,10075.0,4.0
CH,Western Europe,H,Switzerland,2012.0,10275.0,15909324.0,67023.0,10275.0,4.0
CH,Western Europe,H,Switzerland,2013.0,10520.0,16078120.0,68660.0,10520.0,4.0
CH,Western Europe,H,Switzerland,2014.0,10143.0,16279262.0,63992.0,10143.0,3.0
CH,Western Europe,H,Switzerland,2015.0,10156.0,16475332.0,71502.0,10156.0,3.0
CH,Western Europe,H,Switzerland,2016.0,9777.0,16654252.0,76569.0,9777.0,3.0
CH,Western Europe,H,Switzerland,2017.0,9363.0,16839100.0,76625.0,9363.0,3.0
CH,Western Europe,H,Switzerland,2018.0,9174.0,16968260.0,68766.0,9174.0,3.0
CH,Western Europe,H,Switzerland,2019.0,9658.0,17089054.0,72629.0,9658.0,3.0
CY,Southern Europe,H,Cyprus,1990.0,590.0,26258.0,8643.0,590.0,7.0
CY,Southern Europe,H,Cyprus,1991.0,634.0,27744.0,8752.0,634.0,7.0
CY,Southern Europe,H,Cyprus,1992.0,695.0,29344.0,10150.0,695.0,8.0
CY,Southern Europe,H,Cyprus,1993.0,702.0,1238462.0,10058.0,702.0,8.0
CY,Southern Europe,H,Cyprus,1994.0,689.0,1265888.0,10661.0,689.0,8.0
CY,Southern Europe,H,Cyprus,1995.0,708.0,1290798.0,11639.0,708.0,8.0
CY,Southern Europe,H,Cyprus,1996.0,700.0,1312666.0,12554.0,700.0,8.0
CY,Southern Europe,H,Cyprus,1997.0,709.0,1332626.0,12857.0,709.0,7.0
CY,Southern Europe,H,Cyprus,1998.0,722.0,1350430.0,13882.0,722.0,7.0
CY,Southern Europe,H,Cyprus,1999.0,710.0,1365724.0,12792.0,710.0,7.0
CY,Southern Europe,H,Cyprus,2000.0,734.0,1380994.0,14116.0,734.0,7.0
CY,Southern Europe,H,Cyprus,2001.0,709.0,1395098.0,15229.0,709.0,7.0
CY,Southern Europe,H,Cyprus,2002.0,726.0,1411078.0,16465.0,726.0,7.0
CY,Southern Europe,H,Cyprus,2003.0,743.0,1427440.0,15935.0,743.0,7.0
CY,Southern Europe,H,Cyprus,2004.0,759.0,1445786.0,16042.0,759.0,7.0
CY,Southern Europe,H,Cyprus,2005.0,807.0,1466134.0,17613.0,807.0,7.0
CY,Southern Europe,H,Cyprus,2006.0,859.0,1488026.0,21701.0,859.0,7.0
CY,Southern Europe,H,Cyprus,2007.0,896.0,1515832.0,20760.0,896.0,7.0
CY,Southern Europe,H,Cyprus,2008.0,912.0,1552666.0,21718.0,912.0,7.0
CY,Southern Europe,H,Cyprus,2009.0,950.0,1593860.0,23554.0,950.0,7.0
CY,Southern Europe,H,Cyprus,2010.0,940.0,1638280.0,22304.0,940.0,7.0
CY,Southern Europe,H,Cyprus,2011.0,999.0,1679502.0,24428.0,999.0,7.0
CY,Southern Europe,H,Cyprus,2012.0,1000.0,1724022.0,23001.0,1000.0,7.0
CY,Southern Europe,H,Cyprus,2013.0,987.0,1731756.0,21139.0,987.0,6.0
CY,Southern Europe,H,Cyprus,2014.0,1003.0,1716000.0,19296.0,1003.0,6.0
CY,Southern Europe,H,Cyprus,2015.0,1019.0,1694016.0,21498.0,1019.0,6.0
CY,Southern Europe,H,Cyprus,2016.0,961.0,1696638.0,22817.0,961.0,6.0
CY,Southern Europe,H,Cyprus,2017.0,954.0,1709604.0,23765.0,954.0,5.0
CY,Southern Europe,H,Cyprus,2018.0,944.0,1728472.0,22855.0,944.0,5.0
CY,Southern Europe,H,Cyprus,2019.0,1035.0,1751798.0,24944.0,1035.0,6.0
DE,Western Europe,H,Germany,1990.0,152033.0,125358070.0,19794.0,152033.0,7.0
DE,Western Europe,H,Germany,1991.0,150559.0,159506454.0,21177.0,150559.0,7.0
DE,Western Europe,H,Germany,1992.0,142236.0,160549128.0,23771.0,142236.0,7.0
DE,Western Europe,H,Germany,1993.0,143182.0,161949264.0,23829.0,143182.0,7.0
DE,Western Europe,H,Germany,1994.0,138949.0,162676186.0,25127.0,138949.0,7.0
DE,Western Europe,H,Germany,1995.0,141341.0,163077206.0,26821.0,141341.0,7.0
DE,Western Europe,H,Germany,1996.0,146419.0,163634998.0,27911.0,146419.0,6.0
DE,Western Europe,H,Germany,1997.0,139158.0,164024324.0,27135.0,139158.0,6.0
DE,Western Europe,H,Germany,1998.0,138532.0,164114758.0,25048.0,138532.0,6.0
DE,Western Europe,H,Germany,1999.0,138743.0,164074022.0,23942.0,138743.0,6.0
DE,Western Europe,H,Germany,2000.0,141080.0,164326950.0,26061.0,141080.0,5.0
DE,Western Europe,H,Germany,2001.0,144792.0,164519080.0,26621.0,144792.0,5.0
DE,Western Europe,H,Germany,2002.0,145943.0,164880618.0,26870.0,145943.0,5.0
DE,Western Europe,H,Germany,2003.0,148508.0,165073360.0,24927.0,148508.0,5.0
DE,Western Europe,H,Germany,2004.0,151477.0,165063342.0,25076.0,151477.0,5.0
DE,Western Europe,H,Germany,2005.0,153952.0,165001698.0,26261.0,153952.0,5.0
DE,Western Europe,H,Germany,2006.0,153994.0,164875990.0,32441.0,153994.0,5.0
DE,Western Europe,H,Germany,2007.0,160181.0,164629812.0,30729.0,160181.0,5.0
DE,Western Europe,H,Germany,2008.0,168311.0,164435674.0,29652.0,168311.0,5.0
DE,Western Europe,H,Germany,2009.0,172370.0,164004712.0,31372.0,172370.0,5.0
DE,Western Europe,H,Germany,2010.0,178890.0,163604514.0,31015.0,178890.0,5.0
DE,Western Europe,H,Germany,2011.0,167532.0,160444130.0,35414.0,167532.0,5.0
DE,Western Europe,H,Germany,2012.0,168175.0,160655800.0,35985.0,168175.0,5.0
DE,Western Europe,H,Germany,2013.0,169188.0,161047492.0,35789.0,169188.0,4.0
DE,Western Europe,H,Germany,2014.0,154944.0,161534926.0,34545.0,154944.0,4.0
DE,Western Europe,H,Germany,2015.0,160971.0,162395074.0,37707.0,160971.0,4.0
DE,Western Europe,H,Germany,2016.0,160389.0,164351368.0,40673.0,160389.0,4.0
DE,Western Europe,H,Germany,2017.0,157308.0,165043306.0,41515.0,157308.0,4.0
DE,Western Europe,H,Germany,2018.0,151699.0,165584702.0,39599.0,151699.0,4.0
DE,Western Europe,H,Germany,2019.0,156956.0,166038426.0,42987.0,156956.0,4.0
DK,Scandinavia Europe,H,Denmark,1990.0,12319.0,10270818.0,22647.0,12319.0,7.0
DK,Scandinavia Europe,H,Denmark,1991.0,12658.0,10292938.0,23628.0,12658.0,6.0
DK,Scandinavia Europe,H,Denmark,1992.0,12589.0,10324252.0,26433.0,12589.0,6.0
DK,Scandinavia Europe,H,Denmark,1993.0,13260.0,10361228.0,26195.0,13260.0,6.0
DK,Scandinavia Europe,H,Denmark,1994.0,12734.0,10393284.0,27710.0,12734.0,6.0
DK,Scandinavia Europe,H,Denmark,1995.0,12733.0,10431436.0,29583.0,12733.0,6.0
DK,Scandinavia Europe,H,Denmark,1996.0,12858.0,10502054.0,31447.0,12858.0,6.0
DK,Scandinavia Europe,H,Denmark,1997.0,11635.0,10550242.0,31646.0,11635.0,6.0
DK,Scandinavia Europe,H,Denmark,1998.0,11177.0,10589720.0,29986.0,11177.0,5.0
DK,Scandinavia Europe,H,Denmark,1999.0,10785.0,10627154.0,29490.0,10785.0,5.0
DK,Scandinavia Europe,H,Denmark,2000.0,10478.0,10660040.0,32431.0,10478.0,5.0
DK,Scandinavia Europe,H,Denmark,2001.0,11042.0,10698424.0,33757.0,11042.0,5.0
DK,Scandinavia Europe,H,Denmark,2002.0,11260.0,10736708.0,35006.0,11260.0,5.0
DK,Scandinavia Europe,H,Denmark,2003.0,11530.0,10767014.0,33137.0,11530.0,5.0
DK,Scandinavia Europe,H,Denmark,2004.0,11660.0,10795280.0,33761.0,11660.0,5.0
DK,Scandinavia Europe,H,Denmark,2005.0,11598.0,10822810.0,36422.0,11598.0,5.0
DK,Scandinavia Europe,H,Denmark,2006.0,11597.0,10854918.0,45385.0,11597.0,4.0
DK,Scandinavia Europe,H,Denmark,2007.0,12135.0,10894168.0,42324.0,12135.0,4.0
DK,Scandinavia Europe,H,Denmark,2008.0,12392.0,10951582.0,41024.0,12392.0,4.0
DK,Scandinavia Europe,H,Denmark,2009.0,12869.0,11022902.0,43178.0,12869.0,4.0
DK,Scandinavia Europe,H,Denmark,2010.0,13332.0,11069476.0,42497.0,13332.0,4.0
DK,Scandinavia Europe,H,Denmark,2011.0,12357.0,11121256.0,46393.0,12357.0,4.0
DK,Scandinavia Europe,H,Denmark,2012.0,12099.0,11161032.0,47647.0,12099.0,4.0
DK,Scandinavia Europe,H,Denmark,2013.0,11474.0,11205256.0,47901.0,11474.0,4.0
DK,Scandinavia Europe,H,Denmark,2014.0,10293.0,11254470.0,46168.0,10293.0,3.0
DK,Scandinavia Europe,H,Denmark,2015.0,10561.0,11319430.0,49840.0,10561.0,3.0
DK,Scandinavia Europe,H,Denmark,2016.0,10660.0,11414502.0,53312.0,10660.0,3.0
DK,Scandinavia Europe,H,Denmark,2017.0,10944.0,11497538.0,53781.0,10944.0,3.0
DK,Scandinavia Europe,H,Denmark,2018.0,10639.0,11562380.0,51080.0,10639.0,3.0
DK,Scandinavia Europe,H,Denmark,2019.0,10624.0,11612162.0,55145.0,10624.0,3.0
ES,Southern Europe,H,Spain,1990.0,47573.0,77706454.0,11347.0,47573.0,5.0
ES,Southern Europe,H,Spain,1991.0,48519.0,77762832.0,12675.0,48519.0,5.0
ES,Southern Europe,H,Spain,1992.0,47406.0,78102672.0,14377.0,47406.0,5.0
ES,Southern Europe,H,Spain,1993.0,48231.0,78528068.0,13762.0,48231.0,5.0
ES,Southern Europe,H,Spain,1994.0,45962.0,78916978.0,13207.0,45962.0,5.0
ES,Southern Europe,H,Spain,1995.0,45954.0,79279452.0,13475.0,45954.0,5.0
ES,Southern Europe,H,Spain,1996.0,49295.0,79616748.0,14073.0,49295.0,5.0
ES,Southern Europe,H,Spain,1997.0,48123.0,79942658.0,14243.0,48123.0,5.0
ES,Southern Europe,H,Spain,1998.0,52501.0,80286898.0,13837.0,52501.0,5.0
ES,Southern Europe,H,Spain,1999.0,55158.0,80607136.0,13809.0,55158.0,5.0
ES,Southern Europe,H,Spain,2000.0,54553.0,80940364.0,15718.0,54553.0,5.0
ES,Southern Europe,H,Spain,2001.0,53900.0,81331090.0,16701.0,53900.0,5.0
ES,Southern Europe,H,Spain,2002.0,54918.0,82070556.0,17736.0,54918.0,5.0
ES,Southern Europe,H,Spain,2003.0,55688.0,83655676.0,17241.0,55688.0,5.0
ES,Southern Europe,H,Spain,2004.0,56349.0,85094902.0,17522.0,56349.0,4.0
ES,Southern Europe,H,Spain,2005.0,56579.0,86592676.0,19023.0,56579.0,4.0
ES,Southern Europe,H,Spain,2006.0,54314.0,88019942.0,23608.0,54314.0,4.0
ES,Southern Europe,H,Spain,2007.0,57599.0,89569332.0,22605.0,57599.0,4.0
ES,Southern Europe,H,Spain,2008.0,58644.0,91337878.0,21908.0,58644.0,4.0
ES,Southern Europe,H,Spain,2009.0,56062.0,92478546.0,23396.0,56062.0,4.0
ES,Southern Europe,H,Spain,2010.0,57406.0,92973238.0,22193.0,57406.0,4.0
ES,Southern Europe,H,Spain,2011.0,55457.0,93334348.0,23216.0,55457.0,4.0
ES,Southern Europe,H,Spain,2012.0,58701.0,93636438.0,22831.0,58701.0,4.0
ES,Southern Europe,H,Spain,2013.0,59067.0,93455780.0,22155.0,59067.0,4.0
ES,Southern Europe,H,Spain,2014.0,57179.0,93024398.0,21145.0,57179.0,4.0
ES,Southern Europe,H,Spain,2015.0,59331.0,92899130.0,23442.0,59331.0,3.0
ES,Southern Europe,H,Spain,2016.0,59173.0,92880198.0,25324.0,59173.0,3.0
ES,Southern Europe,H,Spain,2017.0,56508.0,93056048.0,25729.0,56508.0,3.0
ES,Southern Europe,H,Spain,2018.0,59883.0,93316894.0,24456.0,59883.0,3.0
ES,Southern Europe,H,Spain,2019.0,59553.0,93874120.0,26516.0,59553.0,3.0
FI,Scandinavia Europe,H,Finland,1990.0,8617.0,9948766.0,24161.0,8617.0,3.0
FI,Scandinavia Europe,H,Finland,1991.0,8704.0,9996956.0,23221.0,8704.0,3.0
FI,Scandinavia Europe,H,Finland,1992.0,8976.0,10058004.0,22261.0,8976.0,3.0
FI,Scandinavia Europe,H,Finland,1993.0,9436.0,10109964.0,18961.0,9436.0,3.0
FI,Scandinavia Europe,H,Finland,1994.0,8877.0,10155824.0,18410.0,8877.0,3.0
FI,Scandinavia Europe,H,Finland,1995.0,8907.0,10197508.0,20016.0,8907.0,3.0
FI,Scandinavia Europe,H,Finland,1996.0,9247.0,10233652.0,22584.0,9247.0,3.0
FI,Scandinavia Europe,H,Finland,1997.0,9093.0,10264640.0,24020.0,9093.0,3.0
FI,Scandinavia Europe,H,Finland,1998.0,9032.0,10294698.0,23139.0,9032.0,3.0
FI,Scandinavia Europe,H,Finland,1999.0,8575.0,10319292.0,23237.0,8575.0,2.0
FI,Scandinavia Europe,H,Finland,2000.0,8066.0,10342604.0,26359.0,8066.0,2.0
FI,Scandinavia Europe,H,Finland,2001.0,7492.0,10362230.0,27781.0,7492.0,2.0
FI,Scandinavia Europe,H,Finland,2002.0,6796.0,10389802.0,29071.0,6796.0,2.0
FI,Scandinavia Europe,H,Finland,2003.0,5976.0,10412590.0,27463.0,5976.0,2.0
FI,Scandinavia Europe,H,Finland,2004.0,5023.0,10439464.0,28013.0,5023.0,2.0
FI,Scandinavia Europe,H,Finland,2005.0,4104.0,10473222.0,29536.0,4104.0,2.0
FI,Scandinavia Europe,H,Finland,2006.0,3555.0,10511160.0,36315.0,3555.0,2.0
FI,Scandinavia Europe,H,Finland,2007.0,3343.0,10553910.0,35073.0,3343.0,2.0
FI,Scandinavia Europe,H,Finland,2008.0,3266.0,10600968.0,34074.0,3266.0,2.0
FI,Scandinavia Europe,H,Finland,2009.0,3190.0,10652628.0,35173.0,3190.0,2.0
FI,Scandinavia Europe,H,Finland,2010.0,3132.0,10702854.0,34535.0,3132.0,2.0
FI,Scandinavia Europe,H,Finland,2011.0,2961.0,10750552.0,37615.0,2961.0,2.0
FI,Scandinavia Europe,H,Finland,2012.0,3072.0,10802534.0,37847.0,3072.0,2.0
FI,Scandinavia Europe,H,Finland,2013.0,2898.0,10853348.0,37525.0,2898.0,2.0
FI,Scandinavia Europe,H,Finland,2014.0,2906.0,10902540.0,35835.0,2906.0,1.0
FI,Scandinavia Europe,H,Finland,2015.0,2883.0,10943506.0,38861.0,2883.0,1.0
FI,Scandinavia Europe,H,Finland,2016.0,2897.0,10974616.0,41821.0,2897.0,1.0
FI,Scandinavia Europe,H,Finland,2017.0,3122.0,11006594.0,42539.0,3122.0,1.0
FI,Scandinavia Europe,H,Finland,2018.0,3012.0,11026260.0,40199.0,3012.0,1.0
FI,Scandinavia Europe,H,Finland,2019.0,3174.0,11035838.0,43616.0,3174.0,1.0
FR,Western Europe,H,France,1991.0,110926.0,116626878.0,19817.0,110926.0,5.0
FR,Western Europe,H,France,1992.0,111665.0,117209702.0,21957.0,111665.0,5.0
FR,Western Europe,H,France,1993.0,114886.0,117771858.0,21620.0,114886.0,5.0
FR,Western Europe,H,France,1994.0,110314.0,118208640.0,22252.0,110314.0,5.0
FR,Western Europe,H,France,1995.0,113567.0,118630278.0,23387.0,113567.0,5.0
FR,Western Europe,H,France,1996.0,119252.0,119044594.0,24519.0,119252.0,5.0
FR,Western Europe,H,France,1997.0,113025.0,119452772.0,24245.0,113025.0,5.0
FR,Western Europe,H,France,1998.0,116207.0,119869768.0,23139.0,116207.0,4.0
FR,Western Europe,H,France,1999.0,112788.0,120317066.0,22675.0,112788.0,4.0
FR,Western Europe,H,France,2000.0,109648.0,121090044.0,24876.0,109648.0,4.0
FR,Western Europe,H,France,2001.0,106948.0,121958630.0,25653.0,106948.0,4.0
FR,Western Europe,H,France,2002.0,105578.0,122848072.0,26269.0,105578.0,4.0
FR,Western Europe,H,France,2003.0,102248.0,123728176.0,24793.0,102248.0,4.0
FR,Western Europe,H,France,2004.0,100008.0,124584482.0,24902.0,100008.0,4.0
FR,Western Europe,H,France,2005.0,99490.0,125545740.0,26372.0,99490.0,4.0
FR,Western Europe,H,France,2006.0,97396.0,126459270.0,32110.0,97396.0,4.0
FR,Western Europe,H,France,2007.0,101464.0,127290130.0,30494.0,101464.0,4.0
FR,Western Europe,H,France,2008.0,106388.0,128014386.0,29577.0,106388.0,4.0
FR,Western Europe,H,France,2009.0,107046.0,128700452.0,31667.0,107046.0,4.0
FR,Western Europe,H,France,2010.0,111006.0,129317712.0,30523.0,111006.0,4.0
FR,Western Europe,H,France,2011.0,106140.0,129957442.0,33259.0,106140.0,4.0
FR,Western Europe,H,France,2012.0,110096.0,130553966.0,33550.0,110096.0,4.0
FR,Western Europe,H,France,2013.0,109904.0,131200700.0,33197.0,109904.0,4.0
FR,Western Europe,H,France,2014.0,101797.0,132331960.0,31427.0,101797.0,3.0
FR,Western Europe,H,France,2015.0,104176.0,132916306.0,33877.0,104176.0,3.0
FR,Western Europe,H,France,2016.0,103471.0,133276782.0,35915.0,103471.0,3.0
FR,Western Europe,H,France,2017.0,102685.0,133619632.0,36354.0,102685.0,3.0
FR,Western Europe,H,France,2018.0,102162.0,134052448.0,34329.0,102162.0,3.0
FR,Western Europe,H,France,2019.0,106414.0,134355272.0,37083.0,106414.0,3.0
GB,Northern Europe,H,United Kingdom,1990.0,206917.0,114313944.0,17294.0,206917.0,7.0
GB,Northern Europe,H,United Kingdom,1991.0,216861.0,114676398.0,17976.0,216861.0,7.0
GB,Northern Europe,H,United Kingdom,1992.0,219547.0,115023188.0,19829.0,219547.0,7.0
GB,Northern Europe,H,United Kingdom,1993.0,241235.0,115298420.0,19621.0,241235.0,7.0
GB,Northern Europe,H,United Kingdom,1994.0,238006.0,115576034.0,20016.0,238006.0,6.0
GB,Northern Europe,H,United Kingdom,1995.0,243044.0,115886944.0,19189.0,243044.0,6.0
GB,Northern Europe,H,United Kingdom,1996.0,258533.0,116189174.0,20576.0,258533.0,6.0
GB,Northern Europe,H,United Kingdom,1997.0,247021.0,116478624.0,22949.0,247021.0,6.0
GB,Northern Europe,H,United Kingdom,1998.0,248163.0,116789192.0,24125.0,248163.0,6.0
GB,Northern Europe,H,United Kingdom,1999.0,241957.0,117159370.0,25075.0,241957.0,6.0
GB,Northern Europe,H,United Kingdom,2000.0,230733.0,117570492.0,29256.0,230733.0,5.0
GB,Northern Europe,H,United Kingdom,2001.0,207673.0,117999562.0,31177.0,207673.0,5.0
GB,Northern Europe,H,United Kingdom,2002.0,195999.0,118479128.0,33065.0,195999.0,5.0
GB,Northern Europe,H,United Kingdom,2003.0,188394.0,119002788.0,30753.0,188394.0,5.0
GB,Northern Europe,H,United Kingdom,2004.0,178769.0,119587518.0,29937.0,178769.0,5.0
GB,Northern Europe,H,United Kingdom,2005.0,172511.0,120364100.0,31349.0,172511.0,4.0
GB,Northern Europe,H,United Kingdom,2006.0,164497.0,121240722.0,37976.0,164497.0,4.0
GB,Northern Europe,H,United Kingdom,2007.0,165437.0,122146558.0,35961.0,165437.0,4.0
GB,Northern Europe,H,United Kingdom,2008.0,167849.0,123143294.0,32899.0,167849.0,4.0
GB,Northern Europe,H,United Kingdom,2009.0,162516.0,124084686.0,31739.0,162516.0,4.0
GB,Northern Europe,H,United Kingdom,2010.0,166732.0,125020394.0,29086.0,166732.0,4.0
GB,Northern Europe,H,United Kingdom,2011.0,157518.0,126045064.0,30819.0,157518.0,4.0
GB,Northern Europe,H,United Kingdom,2012.0,166232.0,126990176.0,32314.0,166232.0,4.0
GB,Northern Europe,H,United Kingdom,2013.0,165517.0,127810684.0,32439.0,165517.0,3.0
GB,Northern Europe,H,United Kingdom,2014.0,155929.0,128702406.0,32333.0,155929.0,3.0
GB,Northern Europe,H,United Kingdom,2015.0,163491.0,129706786.0,36637.0,163491.0,3.0
GB,Northern Europe,H,United Kingdom,2016.0,162347.0,130758088.0,39635.0,162347.0,3.0
GB,Northern Europe,H,United Kingdom,2017.0,161509.0,131688284.0,39598.0,161509.0,3.0
GB,Northern Europe,H,United Kingdom,2018.0,164810.0,132547152.0,35171.0,164810.0,3.0
GB,Northern Europe,H,United Kingdom,2019.0,166610.0,133294224.0,37887.0,166610.0,3.0
GR,Southern Europe,H,Greece,2006.0,23203.0,22009432.0,20828.0,23203.0,7.0
GR,Southern Europe,H,Greece,2007.0,23130.0,22072016.0,20023.0,23130.0,7.0
GR,Southern Europe,H,Greece,2008.0,23543.0,22121874.0,19503.0,23543.0,7.0
GR,Southern Europe,H,Greece,2009.0,23380.0,22189490.0,21140.0,23380.0,7.0
GR,Southern Europe,H,Greece,2010.0,23451.0,22238578.0,19166.0,23451.0,7.0
GR,Southern Europe,H,Greece,2011.0,25401.0,22246784.0,18381.0,25401.0,7.0
GR,Southern Europe,H,Greece,2012.0,25487.0,22172812.0,17915.0,25487.0,7.0
GR,Southern Europe,H,Greece,2013.0,25554.0,22007230.0,17001.0,25554.0,7.0
GR,Southern Europe,H,Greece,2014.0,27294.0,21853614.0,15960.0,27294.0,6.0
GR,Southern Europe,H,Greece,2015.0,28699.0,21716036.0,16630.0,28699.0,6.0
GR,Southern Europe,H,Greece,2016.0,28404.0,21567496.0,17122.0,28404.0,6.0
GR,Southern Europe,H,Greece,2017.0,27925.0,21536386.0,17039.0,27925.0,5.0
GR,Southern Europe,H,Greece,2018.0,27564.0,21482330.0,15910.0,27564.0,5.0
GR,Southern Europe,H,Greece,2019.0,28695.0,21449198.0,17197.0,28695.0,5.0
HR,Southern Europe,UM,Croatia,2001.0,10037.0,8590812.0,5761.0,10037.0,9.0
HR,Southern Europe,UM,Croatia,2002.0,10236.0,8610988.0,6411.0,10236.0,9.0
HR,Southern Europe,UM,Croatia,2003.0,10851.0,8610768.0,6389.0,10851.0,9.0
HR,Southern Europe,UM,Croatia,2004.0,10907.0,8611450.0,6786.0,10907.0,9.0
HR,Southern Europe,UM,Croatia,2005.0,11212.0,8621722.0,7496.0,11212.0,9.0
HR,Southern Europe,UM,Croatia,2006.0,10445.0,8624974.0,9511.0,10445.0,9.0
HR,Southern Europe,UM,Croatia,2007.0,10141.0,8627060.0,9477.0,10141.0,9.0
HR,Southern Europe,H,Croatia,2008.0,9974.0,8623934.0,9490.0,9974.0,8.0
HR,Southern Europe,H,Croatia,2009.0,9363.0,8619592.0,9967.0,9363.0,8.0
HR,Southern Europe,H,Croatia,2010.0,9077.0,8605694.0,9594.0,9077.0,8.0
HR,Southern Europe,H,Croatia,2011.0,8654.0,8579714.0,10411.0,8654.0,8.0
HR,Southern Europe,H,Croatia,2012.0,8503.0,8551968.0,10372.0,8503.0,8.0
HR,Southern Europe,H,Croatia,2013.0,8348.0,8524280.0,10422.0,8348.0,7.0
HR,Southern Europe,H,Croatia,2014.0,8187.0,8493618.0,9862.0,8187.0,7.0
HR,Southern Europe,H,Croatia,2015.0,8575.0,8450632.0,11070.0,8575.0,7.0
HR,Southern Europe,UM,Croatia,2016.0,8007.0,8381338.0,11785.0,8007.0,7.0
HR,Southern Europe,H,Croatia,2017.0,7939.0,8308426.0,12371.0,7939.0,7.0
HR,Southern Europe,H,Croatia,2018.0,7778.0,8210986.0,11949.0,7778.0,7.0
HR,Southern Europe,H,Croatia,2019.0,8098.0,8152492.0,13433.0,8098.0,7.0
HU,Eastern Europe,UM,Hungary,1993.0,24687.0,20730070.0,3356.0,24687.0,11.0
HU,Eastern Europe,UM,Hungary,1994.0,24083.0,20700020.0,3679.0,24083.0,11.0
HU,Eastern Europe,UM,Hungary,1995.0,24331.0,20673400.0,3862.0,24331.0,11.0
HU,Eastern Europe,UM,Hungary,1996.0,23724.0,20642458.0,3953.0,23724.0,10.0
HU,Eastern Europe,UM,Hungary,1997.0,23442.0,20602494.0,3962.0,23442.0,10.0
HU,Eastern Europe,UM,Hungary,1998.0,23288.0,20559448.0,3953.0,23288.0,10.0
HU,Eastern Europe,UM,Hungary,1999.0,22990.0,20506832.0,4006.0,22990.0,10.0
HU,Eastern Europe,UM,Hungary,2000.0,21694.0,20443287.0,4599.0,21694.0,9.0
HU,Eastern Europe,UM,Hungary,2001.0,21860.0,20400596.0,5148.0,21860.0,9.0
HU,Eastern Europe,UM,Hungary,2002.0,21957.0,20349706.0,6003.0,21957.0,9.0
HU,Eastern Europe,UM,Hungary,2003.0,22608.0,20284724.0,6323.0,22608.0,9.0
HU,Eastern Europe,UM,Hungary,2004.0,22692.0,20233484.0,6849.0,22692.0,9.0
HU,Eastern Europe,UM,Hungary,2005.0,23460.0,20195098.0,7621.0,23460.0,9.0
HU,Eastern Europe,UM,Hungary,2006.0,23150.0,20153162.0,9528.0,23150.0,9.0
HU,Eastern Europe,H,Hungary,2007.0,23518.0,20132316.0,8937.0,23518.0,9.0
HU,Eastern Europe,H,Hungary,2008.0,23422.0,20090802.0,9001.0,23422.0,9.0
HU,Eastern Europe,H,Hungary,2009.0,23656.0,20061950.0,9636.0,23656.0,9.0
HU,Eastern Europe,H,Hungary,2010.0,24262.0,20028648.0,9205.0,24262.0,9.0
HU,Eastern Europe,H,Hungary,2011.0,23943.0,19971444.0,9917.0,23943.0,8.0
HU,Eastern Europe,UM,Hungary,2012.0,23466.0,19863850.0,10109.0,23466.0,8.0
HU,Eastern Europe,UM,Hungary,2013.0,23292.0,19817596.0,10248.0,23292.0,8.0
HU,Eastern Europe,H,Hungary,2014.0,22888.0,19754730.0,9833.0,22888.0,8.0
HU,Eastern Europe,H,Hungary,2015.0,23858.0,19711142.0,10897.0,23858.0,8.0
HU,Eastern Europe,H,Hungary,2016.0,23546.0,19660970.0,12033.0,23546.0,7.0
HU,Eastern Europe,H,Hungary,2017.0,23631.0,19595122.0,12504.0,23631.0,7.0
HU,Eastern Europe,H,Hungary,2018.0,22902.0,19556742.0,12491.0,22902.0,7.0
HU,Eastern Europe,H,Hungary,2019.0,22702.0,19545512.0,14472.0,22702.0,7.0
IE,Northern Europe,H,Ireland,1990.0,8813.0,7013940.0,11672.0,8813.0,5.0
IE,Northern Europe,H,Ireland,1991.0,8984.0,7041954.0,12147.0,8984.0,5.0
IE,Northern Europe,H,Ireland,1992.0,9070.0,7094984.0,13300.0,9070.0,5.0
IE,Northern Europe,H,Ireland,1993.0,9399.0,7138734.0,13386.0,9399.0,5.0
IE,Northern Europe,H,Ireland,1994.0,9350.0,7166308.0,14129.0,9350.0,5.0
IE,Northern Europe,H,Ireland,1995.0,9396.0,7195234.0,15373.0,9396.0,5.0
IE,Northern Europe,H,Ireland,1996.0,10019.0,7240130.0,17076.0,10019.0,5.0
IE,Northern Europe,H,Ireland,1997.0,9620.0,7309910.0,18591.0,9620.0,5.0
IE,Northern Europe,H,Ireland,1998.0,9911.0,7386772.0,19205.0,9911.0,4.0
IE,Northern Europe,H,Ireland,1999.0,10168.0,7464012.0,20240.0,10168.0,4.0
IE,Northern Europe,H,Ireland,2000.0,10021.0,7555130.0,24020.0,10021.0,4.0
IE,Northern Europe,H,Ireland,2001.0,9442.0,7665566.0,25879.0,9442.0,4.0
IE,Northern Europe,H,Ireland,2002.0,8970.0,7799404.0,28277.0,8970.0,4.0
IE,Northern Europe,H,Ireland,2003.0,8472.0,7928382.0,28588.0,8472.0,4.0
IE,Northern Europe,H,Ireland,2004.0,8118.0,8057702.0,29961.0,8118.0,4.0
IE,Northern Europe,H,Ireland,2005.0,7624.0,8223344.0,32773.0,7624.0,4.0
IE,Northern Europe,H,Ireland,2006.0,7333.0,8416312.0,40646.0,7333.0,4.0
IE,Northern Europe,H,Ireland,2007.0,6822.0,8680236.0,38376.0,6822.0,3.0
IE,Northern Europe,H,Ireland,2008.0,6800.0,8915530.0,34604.0,6800.0,3.0
IE,Northern Europe,H,Ireland,2009.0,6600.0,9042644.0,33636.0,6600.0,3.0
IE,Northern Europe,H,Ireland,2010.0,6355.0,9098856.0,31231.0,6355.0,3.0
IE,Northern Europe,H,Ireland,2011.0,6131.0,9141762.0,31635.0,6131.0,3.0
IE,Northern Europe,H,Ireland,2012.0,6143.0,9178574.0,31564.0,6143.0,3.0
IE,Northern Europe,H,Ireland,2013.0,5970.0,9219558.0,33031.0,5970.0,3.0
IE,Northern Europe,H,Ireland,2014.0,5816.0,9275704.0,33704.0,5816.0,3.0
IE,Northern Europe,H,Ireland,2015.0,6112.0,9355254.0,41414.0,6112.0,2.0
IE,Northern Europe,H,Ireland,2016.0,6002.0,9452572.0,47571.0,6002.0,2.0
IE,Northern Europe,H,Ireland,2017.0,6032.0,9568766.0,50774.0,6032.0,2.0
IE,Northern Europe,H,Ireland,2018.0,6298.0,9660784.0,49488.0,6298.0,2.0
IE,Northern Europe,H,Ireland,2019.0,6581.0,9808480.0,55520.0,6581.0,2.0
IS,Scandinavia Europe,H,Iceland,1997.0,326.0,539748.0,25641.0,326.0,2.0
IS,Scandinavia Europe,H,Iceland,1998.0,312.0,544762.0,26231.0,312.0,2.0
IS,Scandinavia Europe,H,Iceland,1999.0,303.0,551424.0,27118.0,303.0,2.0
IS,Scandinavia Europe,H,Iceland,2000.0,288.0,558098.0,31396.0,288.0,2.0
IS,Scandinavia Europe,H,Iceland,2001.0,276.0,566722.0,32994.0,276.0,2.0
IS,Scandinavia Europe,H,Iceland,2002.0,267.0,573150.0,35096.0,267.0,2.0
IS,Scandinavia Europe,H,Iceland,2003.0,258.0,576942.0,32145.0,258.0,2.0
IS,Scandinavia Europe,H,Iceland,2004.0,258.0,581140.0,33270.0,258.0,2.0
IS,Scandinavia Europe,H,Iceland,2005.0,277.0,587154.0,37090.0,277.0,2.0
IS,Scandinavia Europe,H,Iceland,2006.0,268.0,599782.0,45309.0,268.0,2.0
IS,Scandinavia Europe,H,Iceland,2007.0,272.0,615344.0,46986.0,272.0,2.0
IS,Scandinavia Europe,H,Iceland,2008.0,278.0,630918.0,34006.0,278.0,2.0
IS,Scandinavia Europe,H,Iceland,2009.0,274.0,638736.0,30079.0,274.0,2.0
IS,Scandinavia Europe,H,Iceland,2010.0,269.0,635260.0,25178.0,269.0,2.0
IS,Scandinavia Europe,H,Iceland,2011.0,279.0,636904.0,28147.0,279.0,2.0
IS,Scandinavia Europe,H,Iceland,2012.0,276.0,639150.0,31448.0,276.0,2.0
IS,Scandinavia Europe,H,Iceland,2013.0,277.0,643714.0,35592.0,277.0,2.0
IS,Scandinavia Europe,H,Iceland,2014.0,255.0,651342.0,34871.0,255.0,2.0
IS,Scandinavia Europe,H,Iceland,2015.0,273.0,658200.0,41134.0,273.0,1.0
IS,Scandinavia Europe,H,Iceland,2016.0,264.0,665058.0,50437.0,264.0,1.0
IS,Scandinavia Europe,H,Iceland,2017.0,278.0,676698.0,57139.0,278.0,1.0
IS,Scandinavia Europe,H,Iceland,2018.0,291.0,696900.0,56508.0,291.0,1.0
IS,Scandinavia Europe,H,Iceland,2019.0,297.0,713982.0,63738.0,297.0,1.0
IT,Southern Europe,H,Italy,1990.0,105761.0,113388720.0,17341.0,105761.0,8.0
IT,Southern Europe,H,Italy,1991.0,109004.0,113488238.0,18845.0,109004.0,8.0
IT,Southern Europe,H,Italy,1992.0,107069.0,113545846.0,21146.0,107069.0,8.0
IT,Southern Europe,H,Italy,1993.0,107424.0,113642500.0,19795.0,107424.0,8.0
IT,Southern Europe,H,Italy,1994.0,107260.0,113684784.0,19040.0,107260.0,8.0
IT,Southern Europe,H,Italy,1995.0,111062.0,113688816.0,18781.0,111062.0,7.0
IT,Southern Europe,H,Italy,1996.0,112619.0,113688394.0,19744.0,112619.0,7.0
IT,Southern Europe,H,Italy,1997.0,112988.0,113752728.0,20077.0,112988.0,7.0
IT,Southern Europe,H,Italy,1998.0,117418.0,113808758.0,19913.0,117418.0,7.0
IT,Southern Europe,H,Italy,1999.0,117761.0,113818218.0,19616.0,117761.0,7.0
IT,Southern Europe,H,Italy,2000.0,116435.0,113847048.0,21810.0,116435.0,7.0
IT,Southern Europe,H,Italy,2001.0,116377.0,113921384.0,22773.0,116377.0,7.0
IT,Southern Europe,H,Italy,2002.0,116079.0,113975014.0,23568.0,116079.0,7.0
IT,Southern Europe,H,Italy,2003.0,115058.0,114261012.0,22323.0,115058.0,7.0
IT,Southern Europe,H,Italy,2004.0,111455.0,114991800.0,22455.0,111455.0,6.0
IT,Southern Europe,H,Italy,2005.0,112165.0,115749506.0,23846.0,112165.0,6.0
IT,Southern Europe,H,Italy,2006.0,111095.0,116128428.0,29059.0,111095.0,6.0
IT,Southern Europe,H,Italy,2007.0,111647.0,116447488.0,27282.0,111647.0,6.0
IT,Southern Europe,H,Italy,2008.0,114217.0,117305750.0,25800.0,114217.0,6.0
IT,Southern Europe,H,Italy,2009.0,114843.0,118001172.0,27298.0,114843.0,6.0
IT,Southern Europe,H,Italy,2010.0,117612.0,118380286.0,26351.0,117612.0,6.0
IT,Southern Europe,H,Italy,2011.0,116468.0,118729380.0,28424.0,116468.0,6.0
IT,Southern Europe,H,Italy,2012.0,117546.0,118788414.0,27993.0,117546.0,6.0
IT,Southern Europe,H,Italy,2013.0,117534.0,119370454.0,26960.0,117534.0,6.0
IT,Southern Europe,H,Italy,2014.0,114317.0,121565336.0,25314.0,114317.0,5.0
IT,Southern Europe,H,Italy,2015.0,117974.0,121591224.0,27181.0,117974.0,5.0
IT,Southern Europe,H,Italy,2016.0,112948.0,121331102.0,29366.0,112948.0,5.0
IT,Southern Europe,H,Italy,2017.0,110816.0,121178890.0,29770.0,110816.0,5.0
IT,Southern Europe,H,Italy,2018.0,109689.0,120967946.0,28225.0,109689.0,5.0
IT,Southern Europe,H,Italy,2019.0,114488.0,119633346.0,30507.0,114488.0,5.0
LT,Northern Europe,LM,Lithuania,1997.0,3226.0,7176026.0,2341.0,3226.0,7.0
LT,Northern Europe,LM,Lithuania,1998.0,3262.0,7124522.0,2563.0,3262.0,6.0
LT,Northern Europe,LM,Lithuania,1999.0,3138.0,7072802.0,2659.0,3138.0,6.0
LT,Northern Europe,LM,Lithuania,2000.0,3112.0,7024148.0,3196.0,3112.0,6.0
LT,Northern Europe,UM,Lithuania,2001.0,3302.0,6973996.0,3708.0,3302.0,6.0
LT,Northern Europe,UM,Lithuania,2002.0,3287.0,6909274.0,4335.0,3287.0,6.0
LT,Northern Europe,UM,Lithuania,2003.0,3422.0,6862994.0,4482.0,3422.0,6.0
LT,Northern Europe,UM,Lithuania,2004.0,3512.0,6797858.0,4759.0,3512.0,6.0
LT,Northern Europe,UM,Lithuania,2005.0,3768.0,6710440.0,5551.0,3768.0,6.0
LT,Northern Europe,UM,Lithuania,2006.0,3848.0,6579670.0,7460.0,3848.0,6.0
LT,Northern Europe,UM,Lithuania,2007.0,4083.0,6499966.0,8049.0,4083.0,6.0
LT,Northern Europe,UM,Lithuania,2008.0,3939.0,6425210.0,8614.0,3939.0,6.0
LT,Northern Europe,UM,Lithuania,2009.0,3708.0,6367712.0,8954.0,3708.0,6.0
LT,Northern Europe,UM,Lithuania,2010.0,3709.0,6283952.0,8726.0,3709.0,6.0
LT,Northern Europe,UM,Lithuania,2011.0,3545.0,6105176.0,9969.0,3545.0,6.0
LT,Northern Europe,H,Lithuania,2012.0,3497.0,6007282.0,10898.0,3497.0,5.0
LT,Northern Europe,H,Lithuania,2013.0,3436.0,5943810.0,11627.0,3436.0,5.0
LT,Northern Europe,H,Lithuania,2014.0,3198.0,5886944.0,11653.0,3198.0,5.0
LT,Northern Europe,H,Lithuania,2015.0,3173.0,5842524.0,12512.0,3173.0,4.0
LT,Northern Europe,H,Lithuania,2016.0,3061.0,5777116.0,13677.0,3061.0,4.0
LT,Northern Europe,H,Lithuania,2017.0,2794.0,5695808.0,14496.0,2794.0,4.0
LT,Northern Europe,H,Lithuania,2018.0,2657.0,5617802.0,14567.0,2657.0,4.0
LT,Northern Europe,H,Lithuania,2019.0,2627.0,5588368.0,16664.0,2627.0,4.0
LU,Western Europe,H,Luxembourg,1990.0,648.0,758600.0,29114.0,648.0,6.0
LU,Western Europe,H,Luxembourg,1991.0,658.0,768800.0,32537.0,658.0,6.0
LU,Western Europe,H,Luxembourg,1992.0,647.0,779200.0,35910.0,647.0,6.0
LU,Western Europe,H,Luxembourg,1993.0,659.0,789500.0,36720.0,659.0,6.0
LU,Western Europe,H,Luxembourg,1994.0,631.0,800400.0,37723.0,631.0,5.0
LU,Western Europe,H,Luxembourg,1995.0,638.0,811300.0,41576.0,638.0,5.0
LU,Western Europe,H,Luxembourg,1996.0,669.0,823200.0,43919.0,669.0,5.0
LU,Western Europe,H,Luxembourg,1997.0,650.0,833700.0,44439.0,650.0,5.0
LU,Western Europe,H,Luxembourg,1998.0,664.0,844100.0,41537.0,664.0,5.0
LU,Western Europe,H,Luxembourg,1999.0,659.0,854700.0,41497.0,659.0,5.0
LU,Western Europe,H,Luxembourg,2000.0,662.0,867200.0,45481.0,662.0,4.0
LU,Western Europe,H,Luxembourg,2001.0,665.0,878000.0,48362.0,665.0,4.0
LU,Western Europe,H,Luxembourg,2002.0,673.0,888100.0,48247.0,673.0,4.0
LU,Western Europe,H,Luxembourg,2003.0,675.0,896600.0,43912.0,675.0,4.0
LU,Western Europe,H,Luxembourg,2004.0,695.0,909920.0,49628.0,695.0,4.0
LU,Western Europe,H,Luxembourg,2005.0,683.0,922460.0,53726.0,683.0,4.0
LU,Western Europe,H,Luxembourg,2006.0,679.0,938172.0,60499.0,679.0,4.0
LU,Western Europe,H,Luxembourg,2007.0,692.0,952374.0,65095.0,692.0,4.0
LU,Western Europe,H,Luxembourg,2008.0,709.0,967598.0,58420.0,709.0,4.0
LU,Western Europe,H,Luxembourg,2009.0,713.0,987000.0,50766.0,713.0,4.0
LU,Western Europe,H,Luxembourg,2010.0,740.0,1004132.0,53895.0,740.0,4.0
LU,Western Europe,H,Luxembourg,2011.0,705.0,1023680.0,59281.0,705.0,4.0
LU,Western Europe,H,Luxembourg,2012.0,713.0,1049706.0,67973.0,713.0,4.0
LU,Western Europe,H,Luxembourg,2013.0,711.0,1074078.0,64545.0,711.0,4.0
LU,Western Europe,H,Luxembourg,2014.0,655.0,1099360.0,62911.0,655.0,3.0
LU,Western Europe,H,Luxembourg,2015.0,654.0,1125916.0,60564.0,654.0,3.0
LU,Western Europe,H,Luxembourg,2016.0,642.0,1152498.0,67723.0,642.0,3.0
LU,Western Europe,H,Luxembourg,2017.0,636.0,1181334.0,71910.0,636.0,3.0
LU,Western Europe,H,Luxembourg,2018.0,627.0,1204010.0,66514.0,627.0,3.0
LU,Western Europe,H,Luxembourg,2019.0,661.0,1227788.0,67686.0,661.0,3.0
LV,Northern Europe,LM,Latvia,1997.0,2834.0,4889824.0,2449.0,2834.0,8.0
LV,Northern Europe,LM,Latvia,1998.0,2921.0,4841578.0,2572.0,2921.0,8.0
LV,Northern Europe,LM,Latvia,1999.0,2736.0,4798496.0,2668.0,2736.0,8.0
LV,Northern Europe,LM,Latvia,2000.0,2703.0,4763430.0,3305.0,2703.0,8.0
LV,Northern Europe,UM,Latvia,2001.0,2882.0,4706768.0,3869.0,2882.0,8.0
LV,Northern Europe,UM,Latvia,2002.0,2912.0,4641912.0,4471.0,2912.0,8.0
LV,Northern Europe,UM,Latvia,2003.0,2919.0,4598780.0,4454.0,2919.0,8.0
LV,Northern Europe,UM,Latvia,2004.0,2979.0,4553040.0,4616.0,2979.0,8.0
LV,Northern Europe,UM,Latvia,2005.0,3201.0,4499448.0,5426.0,3201.0,8.0
LV,Northern Europe,UM,Latvia,2006.0,3334.0,4455748.0,7570.0,3334.0,7.0
LV,Northern Europe,UM,Latvia,2007.0,3378.0,4417680.0,8527.0,3378.0,7.0
LV,Northern Europe,UM,Latvia,2008.0,3229.0,4383620.0,9185.0,3229.0,7.0
LV,Northern Europe,H,Latvia,2009.0,3209.0,4325668.0,10146.0,3209.0,7.0
LV,Northern Europe,UM,Latvia,2010.0,3226.0,4241008.0,8782.0,3226.0,7.0
LV,Northern Europe,UM,Latvia,2011.0,3083.0,4149210.0,9535.0,3083.0,7.0
LV,Northern Europe,H,Latvia,2012.0,3063.0,4089626.0,10666.0,3063.0,7.0
LV,Northern Europe,H,Latvia,2013.0,2971.0,4047650.0,11256.0,2971.0,6.0
LV,Northern Europe,H,Latvia,2014.0,2775.0,4002936.0,11124.0,2775.0,6.0
LV,Northern Europe,H,Latvia,2015.0,2582.0,3972192.0,12446.0,2582.0,6.0
LV,Northern Europe,H,Latvia,2016.0,2348.0,3937914.0,13595.0,2348.0,5.0
LV,Northern Europe,H,Latvia,2017.0,2270.0,3900232.0,14107.0,2270.0,5.0
LV,Northern Europe,H,Latvia,2018.0,2160.0,3868758.0,13809.0,2160.0,5.0
LV,Northern Europe,H,Latvia,2019.0,2153.0,3839936.0,15573.0,2153.0,5.0
MD,Eastern Europe,LM,Moldova,2006.0,5479.0,7179872.0,1086.0,5479.0,10.0
MD,Eastern Europe,LM,Moldova,2007.0,5347.0,7162220.0,1094.0,5347.0,10.0
MD,Eastern Europe,LM,Moldova,2008.0,5363.0,7145406.0,1271.0,5363.0,9.0
MD,Eastern Europe,LM,Moldova,2009.0,5363.0,7135024.0,1402.0,5363.0,9.0
MD,Eastern Europe,LM,Moldova,2010.0,5600.0,7127390.0,1653.0,5600.0,9.0
MD,Eastern Europe,LM,Moldova,2011.0,5168.0,7120860.0,2044.0,5168.0,9.0
MD,Eastern Europe,LM,Moldova,2012.0,5037.0,7119082.0,2427.0,5037.0,8.0
MD,Eastern Europe,LM,Moldova,2013.0,5089.0,7118994.0,2744.0,5089.0,8.0
MD,Eastern Europe,LM,Moldova,2014.0,5520.0,7115268.0,2705.0,5520.0,8.0
MD,Eastern Europe,LM,Moldova,2015.0,5829.0,7110318.0,2710.0,5829.0,7.0
MD,Eastern Europe,LM,Moldova,2017.0,5319.0,7101704.0,3131.0,5319.0,6.0
ME,Southern Europe,..,Montenegro,2002.0,1211.0,1216920.0,2236.0,1211.0,14.0
ME,Southern Europe,..,Montenegro,2003.0,1237.0,1221020.0,2327.0,1237.0,13.0
ME,Southern Europe,..,Montenegro,2004.0,1260.0,1224428.0,2455.0,1260.0,13.0
ME,Southern Europe,..,Montenegro,2005.0,1290.0,1226840.0,2688.0,1290.0,13.0
ME,Southern Europe,UM,Montenegro,2006.0,1297.0,1226218.0,3662.0,1297.0,13.0
ME,Southern Europe,UM,Montenegro,2007.0,1299.0,1229248.0,3888.0,1299.0,13.0
ME,Southern Europe,UM,Montenegro,2008.0,1308.0,1231086.0,4396.0,1308.0,13.0
ME,Southern Europe,UM,Montenegro,2009.0,1311.0,1234314.0,4843.0,1311.0,13.0
ME,Southern Europe,UM,Montenegro,2010.0,1308.0,1238002.0,4804.0,1308.0,12.0
ME,Southern Europe,UM,Montenegro,2011.0,1316.0,1239700.0,5434.0,1316.0,12.0
ME,Southern Europe,UM,Montenegro,2012.0,1308.0,1240616.0,5411.0,1308.0,12.0
ME,Southern Europe,UM,Montenegro,2013.0,1328.0,1241786.0,5556.0,1328.0,12.0
ME,Southern Europe,UM,Montenegro,2014.0,1339.0,1243042.0,5308.0,1339.0,12.0
ME,Southern Europe,UM,Montenegro,2015.0,1342.0,1244198.0,5980.0,1342.0,12.0
ME,Southern Europe,UM,Montenegro,2016.0,1340.0,1244436.0,6513.0,1340.0,11.0
ME,Southern Europe,UM,Montenegro,2017.0,1330.0,1244774.0,7030.0,1330.0,11.0
ME,Southern Europe,UM,Montenegro,2018.0,1287.0,1244718.0,7046.0,1287.0,11.0
ME,Southern Europe,UM,Montenegro,2019.0,1285.0,1244364.0,7983.0,1285.0,11.0
MK,Southern Europe,LM,North Macedonia,1994.0,3596.0,3873482.0,1278.0,3596.0,18.0
MK,Southern Europe,LM,North Macedonia,1995.0,3699.0,3914530.0,1627.0,3699.0,18.0
MK,Southern Europe,LM,North Macedonia,1996.0,3673.0,3943374.0,1972.0,3673.0,18.0
MK,Southern Europe,LM,North Macedonia,1997.0,3675.0,3982796.0,1999.0,3675.0,18.0
MK,Southern Europe,LM,North Macedonia,1998.0,3678.0,4004680.0,1802.0,3678.0,18.0
MK,Southern Europe,LM,North Macedonia,1999.0,3625.0,4025410.0,1704.0,3625.0,18.0
MK,Southern Europe,LM,North Macedonia,2000.0,3637.0,4043156.0,1912.0,3637.0,17.0
MK,Southern Europe,LM,North Macedonia,2001.0,3744.0,4062224.0,1956.0,3744.0,17.0
MK,Southern Europe,LM,North Macedonia,2002.0,3911.0,4077302.0,2100.0,3911.0,17.0
MK,Southern Europe,LM,North Macedonia,2003.0,3978.0,4047308.0,2013.0,3978.0,17.0
MK,Southern Europe,LM,North Macedonia,2004.0,4005.0,4059784.0,2051.0,4005.0,16.0
MK,Southern Europe,LM,North Macedonia,2005.0,4167.0,4070392.0,2218.0,4167.0,16.0
MK,Southern Europe,LM,North Macedonia,2006.0,4314.0,4077028.0,2840.0,4314.0,16.0
MK,Southern Europe,LM,North Macedonia,2007.0,4388.0,4083882.0,2749.0,4388.0,16.0
MK,Southern Europe,UM,North Macedonia,2008.0,4313.0,4090354.0,2969.0,4313.0,16.0
MK,Southern Europe,UM,North Macedonia,2009.0,4408.0,4097238.0,3342.0,4408.0,15.0
MK,Southern Europe,UM,North Macedonia,2010.0,4419.0,4105444.0,3291.0,4419.0,15.0
MK,Southern Europe,UM,North Macedonia,2011.0,4464.0,4114568.0,3623.0,4464.0,15.0
MK,Southern Europe,UM,North Macedonia,2012.0,4445.0,4119588.0,3687.0,4445.0,15.0
MK,Southern Europe,UM,North Macedonia,2013.0,4428.0,4124588.0,3813.0,4428.0,14.0
MK,Southern Europe,UM,North Macedonia,2014.0,4507.0,4131538.0,3786.0,4507.0,14.0
MK,Southern Europe,UM,North Macedonia,2015.0,4601.0,4138344.0,4226.0,4601.0,14.0
MK,Southern Europe,UM,North Macedonia,2016.0,4597.0,4142556.0,4593.0,4597.0,14.0
MK,Southern Europe,UM,North Macedonia,2017.0,4619.0,4147404.0,4687.0,4619.0,14.0
MK,Southern Europe,UM,North Macedonia,2018.0,4505.0,4150602.0,4587.0,4505.0,13.0
MK,Southern Europe,UM,North Macedonia,2019.0,4612.0,4154264.0,5145.0,4612.0,13.0
MT,Southern Europe,UM,Malta,1990.0,317.0,595144.0,7063.0,317.0,7.0
MT,Southern Europe,UM,Malta,1991.0,335.0,614406.0,7346.0,335.0,7.0
MT,Southern Europe,UM,Malta,1992.0,341.0,622542.0,8031.0,341.0,7.0
MT,Southern Europe,UM,Malta,1993.0,342.0,630668.0,7858.0,342.0,7.0
MT,Southern Europe,UM,Malta,1994.0,345.0,639252.0,7850.0,345.0,7.0
MT,Southern Europe,UM,Malta,1995.0,370.0,752866.0,8832.0,370.0,7.0
MT,Southern Europe,UM,Malta,1996.0,385.0,756808.0,9235.0,385.0,7.0
MT,Southern Europe,UM,Malta,1997.0,391.0,762810.0,9183.0,391.0,7.0
MT,Southern Europe,H,Malta,1998.0,403.0,768352.0,9025.0,403.0,7.0
MT,Southern Europe,UM,Malta,1999.0,414.0,772794.0,9393.0,414.0,7.0
MT,Southern Europe,H,Malta,2000.0,421.0,777518.0,10900.0,421.0,6.0
MT,Southern Europe,UM,Malta,2001.0,428.0,782830.0,11564.0,428.0,6.0
MT,Southern Europe,H,Malta,2002.0,433.0,789282.0,12255.0,433.0,6.0
MT,Southern Europe,H,Malta,2003.0,445.0,794592.0,12006.0,445.0,6.0
MT,Southern Europe,H,Malta,2004.0,428.0,799734.0,11362.0,428.0,6.0
MT,Southern Europe,H,Malta,2005.0,430.0,805336.0,11549.0,430.0,6.0
MT,Southern Europe,H,Malta,2006.0,426.0,809998.0,13868.0,426.0,6.0
MT,Southern Europe,H,Malta,2007.0,440.0,811232.0,13341.0,440.0,6.0
MT,Southern Europe,H,Malta,2008.0,472.0,815664.0,13865.0,472.0,6.0
MT,Southern Europe,H,Malta,2009.0,501.0,821852.0,14594.0,501.0,6.0
MT,Southern Europe,H,Malta,2010.0,506.0,828054.0,14835.0,506.0,6.0
MT,Southern Europe,H,Malta,2011.0,517.0,829978.0,16555.0,517.0,6.0
MT,Southern Europe,H,Malta,2012.0,512.0,835092.0,17127.0,512.0,6.0
MT,Southern Europe,H,Malta,2013.0,493.0,845018.0,17713.0,493.0,6.0
MT,Southern Europe,H,Malta,2014.0,459.0,858848.0,17809.0,459.0,5.0
MT,Southern Europe,H,Malta,2015.0,451.0,879382.0,20781.0,451.0,5.0
MT,Southern Europe,H,Malta,2016.0,421.0,900830.0,21531.0,421.0,5.0
MT,Southern Europe,H,Malta,2017.0,443.0,920594.0,23404.0,443.0,4.0
MT,Southern Europe,H,Malta,2018.0,438.0,951402.0,23331.0,438.0,5.0
MT,Southern Europe,H,Malta,2019.0,463.0,987118.0,25651.0,463.0,5.0
NL,Western Europe,H,Netherlands,1990.0,30992.0,29785148.0,18493.0,30992.0,7.0
NL,Western Europe,H,Netherlands,1991.0,32673.0,30020890.0,19271.0,32673.0,7.0
NL,Western Europe,H,Netherlands,1992.0,33283.0,30258300.0,21211.0,33283.0,7.0
NL,Western Europe,H,Netherlands,1993.0,36875.0,30478364.0,21583.0,36875.0,7.0
NL,Western Europe,H,Netherlands,1994.0,36713.0,30683106.0,22681.0,36713.0,7.0
NL,Western Europe,H,Netherlands,1995.0,38346.0,30848244.0,24632.0,38346.0,7.0
NL,Western Europe,H,Netherlands,1996.0,41900.0,30987778.0,26455.0,41900.0,7.0
NL,Western Europe,H,Netherlands,1997.0,40928.0,31134214.0,26469.0,40928.0,6.0
NL,Western Europe,H,Netherlands,1998.0,41937.0,31308384.0,24940.0,41937.0,6.0
NL,Western Europe,H,Netherlands,1999.0,42038.0,31520450.0,25111.0,42038.0,6.0
NL,Western Europe,H,Netherlands,2000.0,42384.0,31727900.0,28032.0,42384.0,6.0
NL,Western Europe,H,Netherlands,2001.0,41812.0,31974150.0,28845.0,41812.0,6.0
NL,Western Europe,H,Netherlands,2002.0,40867.0,32210570.0,29945.0,40867.0,6.0
NL,Western Europe,H,Netherlands,2003.0,39944.0,32385144.0,28884.0,39944.0,6.0
NL,Western Europe,H,Netherlands,2004.0,39900.0,32516064.0,29003.0,39900.0,5.0
NL,Western Europe,H,Netherlands,2005.0,39590.0,32611052.0,30806.0,39590.0,5.0
NL,Western Europe,H,Netherlands,2006.0,38505.0,32668420.0,38375.0,38505.0,5.0
NL,Western Europe,H,Netherlands,2007.0,38790.0,32715984.0,36918.0,38790.0,5.0
NL,Western Europe,H,Netherlands,2008.0,39983.0,32810798.0,35100.0,39983.0,5.0
NL,Western Europe,H,Netherlands,2009.0,39816.0,32971574.0,37588.0,39816.0,5.0
NL,Western Europe,H,Netherlands,2010.0,40762.0,33149978.0,37089.0,40762.0,5.0
NL,Western Europe,H,Netherlands,2011.0,38014.0,33311598.0,40152.0,38014.0,5.0
NL,Western Europe,H,Netherlands,2012.0,37441.0,33460696.0,39803.0,37441.0,4.0
NL,Western Europe,H,Netherlands,2013.0,35271.0,33559150.0,39337.0,35271.0,4.0
NL,Western Europe,H,Netherlands,2014.0,31337.0,33658578.0,37416.0,31337.0,4.0
NL,Western Europe,H,Netherlands,2015.0,32202.0,33801452.0,40607.0,32202.0,4.0
NL,Western Europe,H,Netherlands,2016.0,32273.0,33958240.0,42694.0,32273.0,4.0
NL,Western Europe,H,Netherlands,2017.0,32774.0,34163014.0,43896.0,32774.0,4.0
NL,Western Europe,H,Netherlands,2018.0,32677.0,34362168.0,42142.0,32677.0,4.0
NL,Western Europe,H,Netherlands,2019.0,33489.0,34564326.0,45354.0,33489.0,4.0
NO,Scandinavia Europe,H,Norway,1990.0,10079.0,8466232.0,24626.0,10079.0,4.0
NO,Scandinavia Europe,H,Norway,1991.0,10186.0,8499660.0,25737.0,10186.0,4.0
NO,Scandinavia Europe,H,Norway,1992.0,10117.0,8547268.0,28348.0,10117.0,4.0
NO,Scandinavia Europe,H,Norway,1993.0,10528.0,8598334.0,27698.0,10528.0,4.0
NO,Scandinavia Europe,H,Norway,1994.0,9856.0,8649630.0,28157.0,9856.0,4.0
NO,Scandinavia Europe,H,Norway,1995.0,9412.0,8696820.0,29702.0,9412.0,4.0
NO,Scandinavia Europe,H,Norway,1996.0,8878.0,8739914.0,32370.0,8878.0,4.0
NO,Scandinavia Europe,H,Norway,1997.0,8242.0,8785428.0,34130.0,8242.0,4.0
NO,Scandinavia Europe,H,Norway,1998.0,8273.0,8835198.0,32360.0,8273.0,3.0
NO,Scandinavia Europe,H,Norway,1999.0,8014.0,8890658.0,31729.0,8014.0,3.0
NO,Scandinavia Europe,H,Norway,2000.0,7784.0,8956994.0,36433.0,7784.0,3.0
NO,Scandinavia Europe,H,Norway,2001.0,7813.0,9006872.0,41140.0,7813.0,3.0
NO,Scandinavia Europe,H,Norway,2002.0,7389.0,9048132.0,45309.0,7389.0,3.0
NO,Scandinavia Europe,H,Norway,2003.0,6838.0,9104504.0,42749.0,6838.0,3.0
NO,Scandinavia Europe,H,Norway,2004.0,6396.0,9154914.0,42985.0,6396.0,3.0
NO,Scandinavia Europe,H,Norway,2005.0,6281.0,9212726.0,47023.0,6281.0,2.0
NO,Scandinavia Europe,H,Norway,2006.0,6009.0,9280438.0,59592.0,6009.0,2.0
NO,Scandinavia Europe,H,Norway,2007.0,6269.0,9362268.0,59795.0,6269.0,2.0
NO,Scandinavia Europe,H,Norway,2008.0,6195.0,9474342.0,59677.0,6195.0,2.0
NO,Scandinavia Europe,H,Norway,2009.0,6144.0,9598504.0,63326.0,6144.0,2.0
NO,Scandinavia Europe,H,Norway,2010.0,6209.0,9716398.0,61739.0,6209.0,2.0
NO,Scandinavia Europe,H,Norway,2011.0,5897.0,4920305.0,68044.0,5897.0,2.0
NO,Scandinavia Europe,H,Norway,2012.0,6135.0,4985870.0,77093.0,6135.0,2.0
NO,Scandinavia Europe,H,Norway,2013.0,5829.0,5051275.0,79453.0,5829.0,2.0
NO,Scandinavia Europe,H,Norway,2014.0,5319.0,10217053.0,76188.0,5319.0,2.0
NO,Scandinavia Europe,H,Norway,2015.0,5544.0,5165802.0,76963.0,5544.0,2.0
NO,Scandinavia Europe,H,Norway,2016.0,5500.0,10424703.0,75200.0,5500.0,2.0
NO,Scandinavia Europe,H,Norway,2017.0,5577.0,10516634.0,72318.0,5577.0,2.0
NO,Scandinavia Europe,H,Norway,2018.0,5409.0,10591238.0,67515.0,5409.0,2.0
NO,Scandinavia Europe,H,Norway,2019.0,5462.0,10656424.0,71992.0,5462.0,2.0
PL,Eastern Europe,LM,Poland,1992.0,83609.0,76618452.0,1916.0,83609.0,13.0
PL,Eastern Europe,LM,Poland,1993.0,82394.0,76836216.0,2274.0,82394.0,13.0
PL,Eastern Europe,LM,Poland,1994.0,82486.0,77009414.0,2520.0,82486.0,13.0
PL,Eastern Europe,LM,Poland,1995.0,85598.0,77161194.0,2953.0,85598.0,13.0
PL,Eastern Europe,UM,Poland,1996.0,86789.0,77218798.0,3473.0,86789.0,12.0
PL,Eastern Europe,UM,Poland,1997.0,87944.0,77278682.0,3818.0,87944.0,12.0
PL,Eastern Europe,UM,Poland,1998.0,88148.0,77319958.0,3908.0,88148.0,12.0
PL,Eastern Europe,UM,Poland,1999.0,91079.0,77333966.0,3961.0,91079.0,11.0
PL,Eastern Europe,UM,Poland,2000.0,88796.0,76526606.0,4649.0,88796.0,11.0
PL,Eastern Europe,UM,Poland,2001.0,89701.0,76507910.0,5062.0,89701.0,11.0
PL,Eastern Europe,UM,Poland,2002.0,88116.0,76484394.0,5560.0,88116.0,10.0
PL,Eastern Europe,UM,Poland,2003.0,90215.0,76437062.0,5245.0,90215.0,10.0
PL,Eastern Europe,UM,Poland,2004.0,92717.0,76381216.0,4957.0,92717.0,10.0
PL,Eastern Europe,UM,Poland,2005.0,94733.0,76347670.0,5382.0,94733.0,10.0
PL,Eastern Europe,UM,Poland,2006.0,95683.0,76314110.0,7138.0,95683.0,10.0
PL,Eastern Europe,UM,Poland,2007.0,98840.0,76250958.0,7540.0,98840.0,10.0
PL,Eastern Europe,UM,Poland,2008.0,101009.0,76231282.0,8111.0,101009.0,10.0
PL,Eastern Europe,H,Poland,2009.0,103999.0,76271752.0,8975.0,103999.0,10.0
PL,Eastern Europe,H,Poland,2010.0,105201.0,76045738.0,8795.0,105201.0,10.0
PL,Eastern Europe,H,Poland,2011.0,104305.0,76125436.0,9587.0,104305.0,9.0
PL,Eastern Europe,H,Poland,2012.0,106148.0,76127584.0,10117.0,106148.0,9.0
PL,Eastern Europe,H,Poland,2013.0,106744.0,76125070.0,10028.0,106744.0,9.0
PL,Eastern Europe,H,Poland,2014.0,102047.0,76035712.0,9768.0,102047.0,8.0
PL,Eastern Europe,H,Poland,2015.0,106472.0,76011228.0,10914.0,106472.0,8.0
PL,Eastern Europe,H,Poland,2016.0,107389.0,75934418.0,11629.0,107389.0,8.0
PL,Eastern Europe,H,Poland,2017.0,107880.0,75945928.0,12039.0,107880.0,8.0
PL,Eastern Europe,H,Poland,2018.0,105719.0,75953374.0,11824.0,105719.0,8.0
PL,Eastern Europe,H,Poland,2019.0,106755.0,75945624.0,13389.0,106755.0,8.0
PT,Southern Europe,UM,Portugal,1990.0,11899.0,19991990.0,6626.0,11899.0,5.0
PT,Southern Europe,UM,Portugal,1991.0,12646.0,19940882.0,7568.0,12646.0,5.0
PT,Southern Europe,UM,Portugal,1992.0,12887.0,19900058.0,9081.0,12887.0,5.0
PT,Southern Europe,UM,Portugal,1993.0,14117.0,19909916.0,9261.0,14117.0,5.0
PT,Southern Europe,H,Portugal,1994.0,13307.0,19948782.0,9538.0,13307.0,4.0
PT,Southern Europe,H,Portugal,1995.0,13094.0,20017318.0,10186.0,13094.0,4.0
PT,Southern Europe,H,Portugal,1996.0,15221.0,20087386.0,10944.0,15221.0,4.0
PT,Southern Europe,H,Portugal,1997.0,14835.0,20168392.0,11137.0,14835.0,4.0
PT,Southern Europe,H,Portugal,1998.0,16607.0,20267516.0,10925.0,16607.0,4.0
PT,Southern Europe,H,Portugal,1999.0,17864.0,20373268.0,10937.0,17864.0,4.0
PT,Southern Europe,H,Portugal,2000.0,17749.0,20498044.0,12125.0,17749.0,4.0
PT,Southern Europe,H,Portugal,2001.0,17296.0,20661548.0,12736.0,17296.0,4.0
PT,Southern Europe,H,Portugal,2002.0,17171.0,20789338.0,13367.0,17171.0,4.0
PT,Southern Europe,H,Portugal,2003.0,17404.0,20889184.0,12673.0,17404.0,4.0
PT,Southern Europe,H,Portugal,2004.0,17422.0,20946100.0,12819.0,17422.0,4.0
PT,Southern Europe,H,Portugal,2005.0,17972.0,20989344.0,13656.0,17972.0,4.0
PT,Southern Europe,H,Portugal,2006.0,18113.0,21023976.0,16454.0,18113.0,4.0
PT,Southern Europe,H,Portugal,2007.0,19539.0,21065176.0,15840.0,19539.0,4.0
PT,Southern Europe,H,Portugal,2008.0,20362.0,21106678.0,15380.0,20362.0,4.0
PT,Southern Europe,H,Portugal,2009.0,19501.0,21126028.0,16520.0,19501.0,3.0
PT,Southern Europe,H,Portugal,2010.0,20614.0,21146958.0,15987.0,20614.0,3.0
PT,Southern Europe,H,Portugal,2011.0,19831.0,21145442.0,17041.0,19831.0,3.0
PT,Southern Europe,H,Portugal,2012.0,22037.0,21084796.0,16362.0,22037.0,3.0
PT,Southern Europe,H,Portugal,2013.0,22136.0,20974578.0,16205.0,22136.0,3.0
PT,Southern Europe,H,Portugal,2014.0,21167.0,20854602.0,15373.0,21167.0,3.0
PT,Southern Europe,H,Portugal,2015.0,20804.0,20749644.0,16852.0,20804.0,3.0
PT,Southern Europe,H,Portugal,2016.0,21924.0,20682660.0,18316.0,21924.0,3.0
PT,Southern Europe,H,Portugal,2017.0,20514.0,20619146.0,19031.0,20514.0,3.0
PT,Southern Europe,H,Portugal,2018.0,22586.0,20582054.0,18395.0,22586.0,3.0
PT,Southern Europe,H,Portugal,2019.0,22110.0,20553234.0,20263.0,22110.0,3.0
RO,Eastern Europe,LM,Romania,1992.0,52561.0,45620070.0,1143.0,52561.0,13.0
RO,Eastern Europe,LM,Romania,1993.0,53270.0,45557066.0,1092.0,53270.0,12.0
RO,Eastern Europe,LM,Romania,1994.0,51980.0,45496054.0,1160.0,51980.0,12.0
RO,Eastern Europe,LM,Romania,1995.0,54584.0,45424788.0,1354.0,54584.0,12.0
RO,Eastern Europe,LM,Romania,1996.0,56913.0,45312290.0,1484.0,56913.0,12.0
RO,Eastern Europe,LM,Romania,1997.0,56821.0,45163724.0,1432.0,56821.0,12.0
RO,Eastern Europe,LM,Romania,1998.0,51810.0,45052186.0,1416.0,51810.0,12.0
RO,Eastern Europe,LM,Romania,1999.0,48052.0,44977190.0,1437.0,48052.0,11.0
RO,Eastern Europe,LM,Romania,2000.0,45776.0,44910970.0,1703.0,45776.0,11.0
RO,Eastern Europe,LM,Romania,2001.0,46642.0,44860914.0,1892.0,46642.0,11.0
RO,Eastern Europe,LM,Romania,2002.0,46492.0,43666966.0,2213.0,46492.0,11.0
RO,Eastern Europe,LM,Romania,2003.0,46811.0,43255018.0,2146.0,46811.0,10.0
RO,Eastern Europe,LM,Romania,2004.0,45371.0,43042284.0,2344.0,45371.0,10.0
RO,Eastern Europe,UM,Romania,2005.0,45707.0,42764708.0,2849.0,45707.0,10.0
RO,Eastern Europe,UM,Romania,2006.0,44468.0,42514032.0,4154.0,44468.0,9.0
RO,Eastern Europe,UM,Romania,2007.0,43320.0,42261006.0,4944.0,43320.0,9.0
RO,Eastern Europe,UM,Romania,2008.0,44481.0,41270920.0,5978.0,44481.0,9.0
RO,Eastern Europe,UM,Romania,2009.0,44950.0,40880580.0,6625.0,44950.0,9.0
RO,Eastern Europe,UM,Romania,2010.0,46382.0,40589366.0,6047.0,46382.0,9.0
RO,Eastern Europe,UM,Romania,2011.0,45533.0,40398118.0,6744.0,45533.0,8.0
RO,Eastern Europe,UM,Romania,2012.0,44747.0,40191992.0,7111.0,44747.0,8.0
RO,Eastern Europe,UM,Romania,2013.0,43993.0,40040148.0,7117.0,43993.0,8.0
RO,Eastern Europe,UM,Romania,2014.0,45498.0,39894622.0,7078.0,45498.0,7.0
RO,Eastern Europe,UM,Romania,2015.0,46029.0,39741294.0,7916.0,46029.0,7.0
RO,Eastern Europe,UM,Romania,2016.0,46654.0,39521170.0,8690.0,46654.0,7.0
RO,Eastern Europe,UM,Romania,2017.0,46915.0,39287898.0,9516.0,46915.0,7.0
RO,Eastern Europe,UM,Romania,2018.0,44980.0,39066962.0,9606.0,44980.0,7.0
RO,Eastern Europe,H,Romania,2019.0,45812.0,38828916.0,11066.0,45812.0,7.0
RS,Southern Europe,..,Serbia,1999.0,20830.0,15105700.0,2329.0,20830.0,14.0
RS,Southern Europe,..,Serbia,2000.0,21090.0,15055904.0,1603.0,21090.0,15.0
RS,Southern Europe,..,Serbia,2001.0,21262.0,15009478.0,1656.0,21262.0,15.0
RS,Southern Europe,..,Serbia,2002.0,21415.0,15004252.0,1725.0,21415.0,15.0
RS,Southern Europe,..,Serbia,2003.0,22367.0,14981836.0,2280.0,22367.0,15.0
RS,Southern Europe,..,Serbia,2004.0,23246.0,14940526.0,2574.0,23246.0,14.0
RS,Southern Europe,..,Serbia,2005.0,24419.0,14912100.0,2783.0,24419.0,14.0
RS,Southern Europe,UM,Serbia,2006.0,24463.0,14850974.0,3501.0,24463.0,14.0
RS,Southern Europe,UM,Serbia,2007.0,24514.0,14795302.0,3668.0,24514.0,14.0
RS,Southern Europe,UM,Serbia,2008.0,24995.0,14731014.0,4097.0,24995.0,14.0
RS,Southern Europe,UM,Serbia,2009.0,25103.0,14669874.0,4635.0,25103.0,13.0
RS,Southern Europe,UM,Serbia,2010.0,25179.0,14613354.0,4318.0,25179.0,13.0
RS,Southern Europe,UM,Serbia,2011.0,25292.0,14503098.0,4633.0,25292.0,13.0
RS,Southern Europe,UM,Serbia,2012.0,25039.0,14433298.0,4699.0,25039.0,13.0
RS,Southern Europe,UM,Serbia,2013.0,25465.0,14363010.0,4897.0,25465.0,12.0
RS,Southern Europe,UM,Serbia,2014.0,25613.0,14293518.0,4525.0,25613.0,12.0
RS,Southern Europe,UM,Serbia,2015.0,25953.0,14228786.0,4909.0,25953.0,12.0
RS,Southern Europe,UM,Serbia,2016.0,25140.0,14152744.0,5236.0,25140.0,11.0
RS,Southern Europe,UM,Serbia,2017.0,24976.0,14080544.0,5285.0,24976.0,11.0
RS,Southern Europe,UM,Serbia,2018.0,24365.0,14002888.0,5345.0,24365.0,11.0
RS,Southern Europe,UM,Serbia,2019.0,24511.0,13927528.0,6149.0,24511.0,11.0
SE,Scandinavia Europe,H,Sweden,1990.0,13970.0,17054078.0,25797.0,13970.0,3.0
SE,Scandinavia Europe,H,Sweden,1991.0,14302.0,17181260.0,26931.0,14302.0,3.0
SE,Scandinavia Europe,H,Sweden,1992.0,14020.0,17288240.0,28864.0,14020.0,3.0
SE,Scandinavia Europe,H,Sweden,1993.0,14419.0,17384026.0,25856.0,14419.0,3.0
SE,Scandinavia Europe,H,Sweden,1994.0,13285.0,17490218.0,25273.0,13285.0,3.0
SE,Scandinavia Europe,H,Sweden,1995.0,13175.0,17632762.0,25504.0,13175.0,3.0
SE,Scandinavia Europe,H,Sweden,1996.0,13209.0,17674992.0,27495.0,13209.0,3.0
SE,Scandinavia Europe,H,Sweden,1997.0,12329.0,17688998.0,28260.0,12329.0,3.0
SE,Scandinavia Europe,H,Sweden,1998.0,12190.0,17695250.0,27880.0,12190.0,3.0
SE,Scandinavia Europe,H,Sweden,1999.0,11501.0,17708644.0,27920.0,11501.0,3.0
SE,Scandinavia Europe,H,Sweden,2000.0,10981.0,17722852.0,31466.0,10981.0,3.0
SE,Scandinavia Europe,H,Sweden,2001.0,10686.0,17765584.0,31940.0,10686.0,3.0
SE,Scandinavia Europe,H,Sweden,2002.0,10156.0,17818256.0,33009.0,10156.0,2.0
SE,Scandinavia Europe,H,Sweden,2003.0,9749.0,17881576.0,31230.0,9749.0,2.0
SE,Scandinavia Europe,H,Sweden,2004.0,9385.0,17951340.0,31505.0,9385.0,2.0
SE,Scandinavia Europe,H,Sweden,2005.0,9059.0,18022784.0,33603.0,9059.0,2.0
SE,Scandinavia Europe,H,Sweden,2006.0,8651.0,18095504.0,41664.0,8651.0,2.0
SE,Scandinavia Europe,H,Sweden,2007.0,8892.0,18226514.0,39720.0,8892.0,2.0
SE,Scandinavia Europe,H,Sweden,2008.0,8967.0,18365854.0,37851.0,8967.0,2.0
SE,Scandinavia Europe,H,Sweden,2009.0,8931.0,18512694.0,37825.0,8931.0,2.0
SE,Scandinavia Europe,H,Sweden,2010.0,9128.0,18681364.0,37922.0,9128.0,2.0
SE,Scandinavia Europe,H,Sweden,2011.0,8654.0,18831140.0,42434.0,8654.0,2.0
SE,Scandinavia Europe,H,Sweden,2012.0,9163.0,18965710.0,45669.0,9163.0,2.0
SE,Scandinavia Europe,H,Sweden,2013.0,8634.0,19111786.0,46840.0,8634.0,2.0
SE,Scandinavia Europe,H,Sweden,2014.0,8132.0,19289728.0,44863.0,8132.0,2.0
SE,Scandinavia Europe,H,Sweden,2015.0,8486.0,19494710.0,48135.0,8486.0,1.0
SE,Scandinavia Europe,H,Sweden,2016.0,8505.0,19702034.0,49959.0,8505.0,1.0
SE,Scandinavia Europe,H,Sweden,2017.0,8889.0,19990306.0,50328.0,8889.0,1.0
SE,Scandinavia Europe,H,Sweden,2018.0,8345.0,20240484.0,46444.0,8345.0,1.0
SE,Scandinavia Europe,H,Sweden,2019.0,8321.0,20460370.0,49319.0,8321.0,1.0
SI,Southern Europe,H,Slovenia,1997.0,5397.0,3973978.0,10120.0,5397.0,8.0
SI,Southern Europe,H,Slovenia,1998.0,5373.0,3969846.0,9858.0,5373.0,8.0
SI,Southern Europe,H,Slovenia,1999.0,5272.0,3956668.0,10098.0,5272.0,8.0
SI,Southern Europe,H,Slovenia,2000.0,5043.0,3975510.0,11219.0,5043.0,8.0
SI,Southern Europe,H,Slovenia,2001.0,5141.0,3980188.0,11768.0,5141.0,7.0
SI,Southern Europe,H,Slovenia,2002.0,5034.0,3988052.0,12391.0,5034.0,7.0
SI,Southern Europe,H,Slovenia,2003.0,5136.0,3990066.0,12044.0,5136.0,7.0
SI,Southern Europe,H,Slovenia,2004.0,5249.0,3992866.0,12360.0,5249.0,7.0
SI,Southern Europe,H,Slovenia,2005.0,5028.0,3995180.0,13443.0,5028.0,7.0
SI,Southern Europe,H,Slovenia,2006.0,4908.0,4006716.0,16801.0,4908.0,6.0
SI,Southern Europe,H,Slovenia,2007.0,4767.0,4020754.0,16553.0,4767.0,6.0
SI,Southern Europe,H,Slovenia,2008.0,4735.0,4020538.0,16752.0,4735.0,6.0
SI,Southern Europe,H,Slovenia,2009.0,4672.0,4064724.0,17569.0,4672.0,6.0
SI,Southern Europe,H,Slovenia,2010.0,4842.0,4093952.0,17091.0,4842.0,6.0
SI,Southern Europe,H,Slovenia,2011.0,4738.0,4100378.0,18433.0,4738.0,6.0
SI,Southern Europe,H,Slovenia,2012.0,4836.0,4110992.0,17977.0,4836.0,5.0
SI,Southern Europe,H,Slovenia,2013.0,4940.0,4117642.0,17615.0,4940.0,5.0
SI,Southern Europe,H,Slovenia,2014.0,4555.0,4122170.0,17128.0,4555.0,5.0
SI,Southern Europe,H,Slovenia,2015.0,4865.0,4125748.0,18343.0,4865.0,5.0
SI,Southern Europe,H,Slovenia,2016.0,4842.0,4128376.0,20015.0,4842.0,5.0
SI,Southern Europe,H,Slovenia,2017.0,4893.0,4131790.0,21004.0,4893.0,5.0
SI,Southern Europe,H,Slovenia,2018.0,4868.0,4133760.0,20554.0,4868.0,5.0
SI,Southern Europe,H,Slovenia,2019.0,5059.0,4161816.0,22743.0,5059.0,5.0
SM,Southern Europe,H,San Marino,2018.0,39.0,68906.0,35229.0,39.0,3.0
UA,Eastern Europe,LM,Ukraine,2006.0,48083.0,93498340.0,1653.0,48083.0,9.0
UA,Eastern Europe,LM,Ukraine,2007.0,48184.0,92931382.0,1967.0,48184.0,9.0
UA,Eastern Europe,LM,Ukraine,2008.0,48044.0,92384618.0,2181.0,48044.0,9.0
UA,Eastern Europe,LM,Ukraine,2009.0,42467.0,91926718.0,2041.0,42467.0,9.0
UA,Eastern Europe,LM,Ukraine,2010.0,40674.0,91565184.0,2104.0,40674.0,9.0
UA,Eastern Europe,LM,Ukraine,2011.0,39940.0,91196358.0,2358.0,39940.0,9.0
UA,Eastern Europe,LM,Ukraine,2012.0,39077.0,90906564.0,2821.0,39077.0,8.0
UA,Eastern Europe,LM,Ukraine,2013.0,39348.0,90745384.0,2994.0,39348.0,8.0
UA,Eastern Europe,LM,Ukraine,2014.0,36492.0,90491788.0,2582.0,36492.0,8.0
UA,Eastern Europe,LM,Ukraine,2015.0,44611.0,85519322.0,2307.0,44611.0,8.0
UA,Eastern Europe,LM,Ukraine,2016.0,42045.0,85181758.0,2168.0,42045.0,7.0
UA,Eastern Europe,LM,Ukraine,2017.0,39782.0,84829810.0,2239.0,39782.0,7.0
UA,Eastern Europe,LM,Ukraine,2018.0,39677.0,84433532.0,2294.0,39677.0,7.0
UA,Eastern Europe,LM,Ukraine,2019.0,39620.0,83967128.0,2891.0,39620.0,7.0
